Agency,Compound,Date,Negative,Neutral,Positive,Text,Tweets Ago
@BBCnews,0.5994,Sun Nov 05 18:51:18 +0000 2017,0.09,0.621,0.29,RT @BBCNews: Paradise Papers: Tax haven secrets of ultra-rich exposed https://t.co/0P5jsNGLGv,1
@BBCnews,0.8176,Sun Nov 05 18:51:04 +0000 2017,0.0,0.605,0.395,UK's Lord Ashcroft stayed a non-dom https://t.co/uooW7R6BeE via @BBCNews another interesting link.. #Westminster - getting better and better,2
@BBCnews,-0.7003,Sun Nov 05 18:51:03 +0000 2017,0.298,0.702,0.0,"@Ross__Mackenzie @hhurleylol @BBCNews ""No evidence that she's not paying tax."" There's literally no evidence that she's avoiding any tax.",3
@BBCnews,0.0,Sun Nov 05 18:50:58 +0000 2017,0.0,1.0,0.0,"RT @BBCNews: Live #ParadisePapers updates: https://t.co/pETCL01Jmt

Twitter list of BBC journalists covering the story: https://t.co/LrMOZL‚Ä¶",4
@BBCnews,0.0,Sun Nov 05 18:50:54 +0000 2017,0.0,1.0,0.0,"RT @evertonfc2: Lord Ashcroft -The story of the Tory Donor who has dodged ¬£127 million in tax
 https://t.co/A93DGxwnqb @BBCNews #bbcsp #Mar‚Ä¶",5
@BBCnews,-0.5423,Sun Nov 05 18:50:54 +0000 2017,0.257,0.743,0.0,@RhodesWriter @Ekklesia_co_uk @ianbirrell @BBCNews @c_of_e @JustinWelby no response from @JustinWelby on the lack o‚Ä¶ https://t.co/smuMDUtZVu,6
@BBCnews,0.5994,Sun Nov 05 18:50:52 +0000 2017,0.09,0.621,0.29,RT @BBCNews: Paradise Papers: Tax haven secrets of ultra-rich exposed https://t.co/0P5jsNGLGv,7
@BBCnews,0.4939,Sun Nov 05 18:50:49 +0000 2017,0.0,0.849,0.151,@kevinmitchell50 @BBCNews The point is that closing tax loopholes requires international agreement - Cameron and Osborne done a lot on this,8
@BBCnews,-0.7003,Sun Nov 05 18:50:48 +0000 2017,0.309,0.691,0.0,@MarrShow @BBCNews @DawnButlerBrent You shouldn't have any sexual predators or uncontrolled perverts working there.‚Ä¶ https://t.co/Fqh9C7l5Uf,9
@BBCnews,0.2235,Sun Nov 05 18:50:43 +0000 2017,0.0,0.914,0.086,@BBCNews If the BBC doesn't stop this sort of blatantly ideological reporting the next Conservative government (~ 2030) will privatise it.,10
@BBCnews,-0.1027,Sun Nov 05 18:50:43 +0000 2017,0.069,0.931,0.0,RT @BBCNews: Lord Ashcroft secretly remained a non-dom despite attempts by MPs to make peers pay full UK tax https://t.co/dmUeANyRSa #Parad‚Ä¶,11
@BBCnews,-0.7342,Sun Nov 05 18:50:29 +0000 2017,0.323,0.677,0.0,@modbet_UK @BBCNews Making insulting asumptions based on nothing? Hmm very clever. Gold star for you!,12
@BBCnews,-0.1027,Sun Nov 05 18:50:24 +0000 2017,0.069,0.931,0.0,RT @BBCNews: Lord Ashcroft secretly remained a non-dom despite attempts by MPs to make peers pay full UK tax https://t.co/dmUeANyRSa #Parad‚Ä¶,13
@BBCnews,-0.34,Sun Nov 05 18:50:17 +0000 2017,0.324,0.676,0.0,Background to the leak https://t.co/iYSpzMpljt @BBCNews„Åã„Çâ,14
@BBCnews,-0.34,Sun Nov 05 18:50:13 +0000 2017,0.286,0.714,0.0,Background to the leak https://t.co/4cjY2NFdU7 via @BBCNews,15
@BBCnews,0.3109,Sun Nov 05 18:50:11 +0000 2017,0.133,0.664,0.203,US Commerce Secretary has to resign in light of this. Surely! https://t.co/iQBcu1dHQx via @BBCNews,16
@BBCnews,0.4215,Sun Nov 05 18:50:11 +0000 2017,0.0,0.882,0.118,@BBCNews My son can‚Äôt get broadband where he lives ...I live approx 3 miles away and get 76mps download speed . Lucky me eh,17
@BBCnews,0.4019,Sun Nov 05 18:50:07 +0000 2017,0.142,0.594,0.265,@BBCNews Too much paid tax paid by middle class . Rich are ok &amp; poor looked after .,18
@BBCnews,0.0,Sun Nov 05 18:49:55 +0000 2017,0.0,1.0,0.0,"RT @BBCNews: Live #ParadisePapers updates: https://t.co/pETCL01Jmt

Twitter list of BBC journalists covering the story: https://t.co/LrMOZL‚Ä¶",19
@BBCnews,-0.1027,Sun Nov 05 18:49:47 +0000 2017,0.069,0.931,0.0,RT @BBCNews: Lord Ashcroft secretly remained a non-dom despite attempts by MPs to make peers pay full UK tax https://t.co/dmUeANyRSa #Parad‚Ä¶,20
@BBCnews,0.0,Sun Nov 05 18:49:45 +0000 2017,0.0,1.0,0.0,@PrisonPlanet @BBCNews sources say you're a pedophile ?,21
@BBCnews,-0.1027,Sun Nov 05 18:49:42 +0000 2017,0.069,0.931,0.0,RT @BBCNews: Lord Ashcroft secretly remained a non-dom despite attempts by MPs to make peers pay full UK tax https://t.co/dmUeANyRSa #Parad‚Ä¶,22
@BBCnews,0.0,Sun Nov 05 18:49:40 +0000 2017,0.0,1.0,0.0,"RT @Hughesy53: Blimey - it‚Äôs all kicking off!
#Panorama
#TorySleaze36 
#ParadisePapers 
#TrumpDossier 
@BBCNews @Channel4News @itvnews http‚Ä¶",23
@BBCnews,-0.1027,Sun Nov 05 18:49:38 +0000 2017,0.069,0.931,0.0,RT @BBCNews: Lord Ashcroft secretly remained a non-dom despite attempts by MPs to make peers pay full UK tax https://t.co/dmUeANyRSa #Parad‚Ä¶,24
@BBCnews,0.0,Sun Nov 05 18:49:37 +0000 2017,0.0,1.0,0.0,"RT @BBCNews: Live #ParadisePapers updates: https://t.co/pETCL01Jmt

Twitter list of BBC journalists covering the story: https://t.co/LrMOZL‚Ä¶",25
@BBCnews,0.5994,Sun Nov 05 18:49:26 +0000 2017,0.09,0.621,0.29,RT @BBCNews: Paradise Papers: Tax haven secrets of ultra-rich exposed https://t.co/0P5jsNGLGv,26
@BBCnews,0.2732,Sun Nov 05 18:49:25 +0000 2017,0.0,0.87,0.13,@92conservative @BBCNews Well you have nothing constructive to say so stick to your own motto.,27
@BBCnews,-0.1027,Sun Nov 05 18:49:23 +0000 2017,0.069,0.931,0.0,RT @BBCNews: Lord Ashcroft secretly remained a non-dom despite attempts by MPs to make peers pay full UK tax https://t.co/dmUeANyRSa #Parad‚Ä¶,28
@BBCnews,-0.2023,Sun Nov 05 18:49:22 +0000 2017,0.279,0.429,0.293,Campaigning charity War on Want responds https://t.co/pmeZzZn2cg via @BBCNews,29
@BBCnews,0.0,Sun Nov 05 18:49:21 +0000 2017,0.0,1.0,0.0,"RT @BBCNews: Live #ParadisePapers updates: https://t.co/pETCL01Jmt

Twitter list of BBC journalists covering the story: https://t.co/LrMOZL‚Ä¶",30
@BBCnews,0.0,Sun Nov 05 18:49:20 +0000 2017,0.0,1.0,0.0,RT @RhodesWriter: .@ianbirrell @marionpfallon @BBCNews As she is head of Church of England @c_of_e @JustinWelby needs to make a public stat‚Ä¶,31
@BBCnews,0.5267,Sun Nov 05 18:49:18 +0000 2017,0.0,0.805,0.195,@MattSpy05 @Cernovich @BBCBreaking @realDonaldTrump @BBCNews We sont have selective justice based on political part‚Ä¶ https://t.co/jp4Sf9j8iZ,32
@BBCnews,-0.5106,Sun Nov 05 18:49:17 +0000 2017,0.32,0.68,0.0,@Thomason97J @hhurleylol @BBCNews And investing in unethical companies,33
@BBCnews,-0.5423,Sun Nov 05 18:49:17 +0000 2017,0.179,0.821,0.0,Where the fuck are OSCE observers and international reporters from so righteous MSM? @BBCNews @SkyNews @cnnbrk‚Ä¶ https://t.co/idlKGUVyut,34
@BBCnews,-0.4316,Sun Nov 05 18:49:16 +0000 2017,0.241,0.759,0.0,@georgedave9 @MarrShow @BBCNews @DawnButlerBrent Really? A missed hi five? #rightwingdesperation https://t.co/6b0g7wXzc3,35
@BBCnews,0.0,Sun Nov 05 18:49:16 +0000 2017,0.0,1.0,0.0,"RT @evertonfc2: Lord Ashcroft -The story of the Tory Donor who has dodged ¬£127 million in tax
 https://t.co/A93DGxwnqb @BBCNews #bbcsp #Mar‚Ä¶",36
@BBCnews,-0.1027,Sun Nov 05 18:49:15 +0000 2017,0.069,0.931,0.0,RT @BBCNews: Lord Ashcroft secretly remained a non-dom despite attempts by MPs to make peers pay full UK tax https://t.co/dmUeANyRSa #Parad‚Ä¶,37
@BBCnews,0.5994,Sun Nov 05 18:49:10 +0000 2017,0.09,0.621,0.29,RT @BBCNews: Paradise Papers: Tax haven secrets of ultra-rich exposed https://t.co/0P5jsNGLGv,38
@BBCnews,-0.1027,Sun Nov 05 18:49:02 +0000 2017,0.069,0.931,0.0,RT @BBCNews: Lord Ashcroft secretly remained a non-dom despite attempts by MPs to make peers pay full UK tax https://t.co/dmUeANyRSa #Parad‚Ä¶,39
@BBCnews,-0.6908,Sun Nov 05 18:48:57 +0000 2017,0.271,0.729,0.0,@mojos55 @BBCNews If @BBCNews are reporting anything negative about Royalty some serious S**t must be going down media trying to hide,40
@BBCnews,0.5994,Sun Nov 05 18:48:56 +0000 2017,0.09,0.621,0.29,RT @BBCNews: Paradise Papers: Tax haven secrets of ultra-rich exposed https://t.co/0P5jsNGLGv,41
@BBCnews,0.0,Sun Nov 05 18:48:44 +0000 2017,0.0,1.0,0.0,"RT @evertonfc2: Lord Ashcroft -The story of the Tory Donor who has dodged ¬£127 million in tax
 https://t.co/A93DGxwnqb @BBCNews #bbcsp #Mar‚Ä¶",42
@BBCnews,-0.296,Sun Nov 05 18:48:43 +0000 2017,0.109,0.891,0.0,@Thomason97J @hhurleylol @BBCNews No suggestion that the Queen is not paying *some* tax. But evidence on these leak‚Ä¶ https://t.co/goLjgxxHca,43
@BBCnews,0.0,Sun Nov 05 18:48:35 +0000 2017,0.0,1.0,0.0,"@92conservative @BBCNews Says you, who is probably barely out of school, can tell by the way you know nothing about‚Ä¶ https://t.co/1azTFMYs4Y",44
@BBCnews,0.4019,Sun Nov 05 18:48:35 +0000 2017,0.0,0.87,0.13,@gavinscott100 @BBCNews @MikeGapes He ran off from the Panorama reporter &amp; led him round the Tory Party Conference‚Ä¶ https://t.co/MMek6KMulx,45
@BBCnews,0.0,Sun Nov 05 18:48:30 +0000 2017,0.0,1.0,0.0,"RT @BBCNews: Live #ParadisePapers updates: https://t.co/pETCL01Jmt

Twitter list of BBC journalists covering the story: https://t.co/LrMOZL‚Ä¶",46
@BBCnews,0.0,Sun Nov 05 18:48:29 +0000 2017,0.0,1.0,0.0,"RT @BBCNews: Live #ParadisePapers updates: https://t.co/pETCL01Jmt

Twitter list of BBC journalists covering the story: https://t.co/LrMOZL‚Ä¶",47
@BBCnews,-0.7783,Sun Nov 05 18:48:22 +0000 2017,0.402,0.467,0.131,@BBCNews Fucking tax dodgers but take from the sick and poor that's ok.,48
@BBCnews,0.0,Sun Nov 05 18:48:19 +0000 2017,0.0,1.0,0.0,@BBCWorld @BBCNews Come on...we need to address this...now,49
@BBCnews,-0.5267,Sun Nov 05 18:48:17 +0000 2017,0.236,0.764,0.0,RT @BBCNews: BT Openreach van effigy set alight by frustrated villagers https://t.co/7fW5yZh9qC,50
@BBCnews,0.0,Sun Nov 05 18:48:14 +0000 2017,0.0,1.0,0.0,@lrozen @BBC @CNN @guardian @nytimes @washingtonpost @BBCNews @Haaretz @realDonaldTrump @AlArabiya_Eng @Independent‚Ä¶ https://t.co/7RsIpCl2b5,51
@BBCnews,-0.4767,Sun Nov 05 18:48:07 +0000 2017,0.279,0.721,0.0,"This is fairplay @eucopresident @BBCNews ?
wrong voting ballots https://t.co/daIp06wILm",52
@BBCnews,0.0,Sun Nov 05 18:48:06 +0000 2017,0.0,1.0,0.0,RT @BBCNews: wi-fry! üî• https://t.co/7wqSEUuWsR,53
@BBCnews,-0.6124,Sun Nov 05 18:48:06 +0000 2017,0.235,0.765,0.0,@roroalexa @BBCNews saddest part is she spent vast majority of her life in captivity,54
@BBCnews,0.0,Sun Nov 05 18:47:45 +0000 2017,0.0,1.0,0.0,"@TgLa7 @BBCNews @UKParliament Maest√†,questo vale per te e la c
Corte Reale:

https://t.co/pNpg7tJ0Zj",55
@BBCnews,-0.1027,Sun Nov 05 18:47:42 +0000 2017,0.069,0.931,0.0,RT @BBCNews: Lord Ashcroft secretly remained a non-dom despite attempts by MPs to make peers pay full UK tax https://t.co/dmUeANyRSa #Parad‚Ä¶,56
@BBCnews,0.4404,Sun Nov 05 18:47:42 +0000 2017,0.0,0.828,0.172,@miw3663 @MarrShow @BBCNews @DawnButlerBrent Sooner people learn to keep their hands to themselves the better.,57
@BBCnews,0.0,Sun Nov 05 18:47:32 +0000 2017,0.0,1.0,0.0,@celticmidwife @RENUAIreland @kevinmcd2016 @MeathRight2Life @DunDoTweets @Osbers @iadww @DirtyButClean‚Ä¶ https://t.co/kbqdKbx8Y1,58
@BBCnews,-0.1027,Sun Nov 05 18:47:32 +0000 2017,0.069,0.931,0.0,RT @BBCNews: Lord Ashcroft secretly remained a non-dom despite attempts by MPs to make peers pay full UK tax https://t.co/dmUeANyRSa #Parad‚Ä¶,59
@BBCnews,-0.1027,Sun Nov 05 18:47:30 +0000 2017,0.069,0.931,0.0,RT @BBCNews: Lord Ashcroft secretly remained a non-dom despite attempts by MPs to make peers pay full UK tax https://t.co/dmUeANyRSa #Parad‚Ä¶,60
@BBCnews,0.0,Sun Nov 05 18:47:29 +0000 2017,0.0,1.0,0.0,RT @2minbeachclean: üëâüèªüòÄ @BBCNews Hoorah! https://t.co/soUw4uikn5,61
@BBCnews,0.0,Sun Nov 05 18:47:29 +0000 2017,0.0,1.0,0.0,@BBCNews https://t.co/lUJycgNu7Q,62
@BBCnews,-0.4003,Sun Nov 05 18:47:27 +0000 2017,0.161,0.839,0.0,@BBCNews I don‚Äôt know why we bother with the weather forecast ... it is never accurate!,63
@BBCnews,-0.7506,Sun Nov 05 18:47:22 +0000 2017,0.33,0.567,0.103,RT @cw4t7abs: @AFP #team lame ü¶Ü @BBCWorld @BBCNews  @theresa_may will be easy to boycott US products - doomed strategy - whole world hates‚Ä¶,64
@BBCnews,0.0,Sun Nov 05 18:47:21 +0000 2017,0.0,1.0,0.0,"RT @BBCNews: Live #ParadisePapers updates: https://t.co/pETCL01Jmt

Twitter list of BBC journalists covering the story: https://t.co/LrMOZL‚Ä¶",65
@BBCnews,0.0,Sun Nov 05 18:47:20 +0000 2017,0.0,1.0,0.0,RT @LesCharmilles: @BBCNews Another Brexiter unlikely to be impoverished by the consequences.,66
@BBCnews,-0.1027,Sun Nov 05 18:47:16 +0000 2017,0.069,0.931,0.0,RT @BBCNews: Lord Ashcroft secretly remained a non-dom despite attempts by MPs to make peers pay full UK tax https://t.co/dmUeANyRSa #Parad‚Ä¶,67
@BBCnews,-0.1027,Sun Nov 05 18:47:16 +0000 2017,0.069,0.931,0.0,RT @BBCNews: Lord Ashcroft secretly remained a non-dom despite attempts by MPs to make peers pay full UK tax https://t.co/dmUeANyRSa #Parad‚Ä¶,68
@BBCnews,-0.8519,Sun Nov 05 18:47:15 +0000 2017,0.419,0.481,0.1,@AFP #team lame ü¶Ü @BBCWorld @BBCNews  @theresa_may will be easy to boycott US products - doomed strategy - whole world hates Trumpiville,69
@BBCnews,0.5994,Sun Nov 05 18:47:05 +0000 2017,0.09,0.621,0.29,RT @BBCNews: Paradise Papers: Tax haven secrets of ultra-rich exposed https://t.co/0P5jsNGLGv,70
@BBCnews,0.0,Sun Nov 05 18:47:03 +0000 2017,0.0,1.0,0.0,"RT @BBCNews: Live #ParadisePapers updates: https://t.co/pETCL01Jmt

Twitter list of BBC journalists covering the story: https://t.co/LrMOZL‚Ä¶",71
@BBCnews,0.25,Sun Nov 05 18:47:03 +0000 2017,0.181,0.532,0.287,@BBCWorld @BBCNews Wish I had some to hide.,72
@BBCnews,0.0,Sun Nov 05 18:47:01 +0000 2017,0.0,1.0,0.0,"@modbet_UK @BBCNews If you have nothing constructive to say, then say nothing at all",73
@BBCnews,0.0,Sun Nov 05 18:46:44 +0000 2017,0.0,1.0,0.0,"RT @Hughesy53: Blimey - it‚Äôs all kicking off!
#Panorama
#TorySleaze36 
#ParadisePapers 
#TrumpDossier 
@BBCNews @Channel4News @itvnews http‚Ä¶",74
@BBCnews,-0.4767,Sun Nov 05 18:46:40 +0000 2017,0.23,0.669,0.1,RT @tradasro: @BBCBreaking @BBCNews Where would a poshie play their money? In a company that exploits the poor of course https://t.co/UCgQU‚Ä¶,75
@BBCnews,0.0,Sun Nov 05 18:46:35 +0000 2017,0.0,1.0,0.0,@lrozen @BBC @CNN @guardian @nytimes @washingtonpost @BBCNews @Haaretz @realDonaldTrump @AlArabiya_Eng @Independent‚Ä¶ https://t.co/RhIRNBbfmq,76
@BBCnews,0.6369,Sun Nov 05 18:46:35 +0000 2017,0.0,0.49,0.51,"@AndyShepp_rd @BBCNews @MikeGapes Dear dear, say what?",77
@BBCnews,-0.5267,Sun Nov 05 18:46:33 +0000 2017,0.159,0.841,0.0,The editorial decisions of @BBCNews are beginning to resemble the juvenile conspiracy- seeking of a 20 year old anarcho- communist.,78
@BBCnews,0.0,Sun Nov 05 18:46:30 +0000 2017,0.0,1.0,0.0,"RT @BBCNews: Live #ParadisePapers updates: https://t.co/pETCL01Jmt

Twitter list of BBC journalists covering the story: https://t.co/LrMOZL‚Ä¶",79
@BBCnews,-0.1027,Sun Nov 05 18:46:30 +0000 2017,0.069,0.931,0.0,RT @BBCNews: Lord Ashcroft secretly remained a non-dom despite attempts by MPs to make peers pay full UK tax https://t.co/dmUeANyRSa #Parad‚Ä¶,80
@BBCnews,0.0,Sun Nov 05 18:46:16 +0000 2017,0.0,1.0,0.0,@BBCNews https://t.co/MH7OHRFQxK,81
@BBCnews,0.5994,Sun Nov 05 18:46:14 +0000 2017,0.116,0.601,0.283,"@BBCNews I hope you aren't deriving too much pleasure @BBCNews You aid &amp; abet tax avoidance.

#Hypocrisy‚Ä¶ https://t.co/vIYXnyKNHL",82
@BBCnews,0.5719,Sun Nov 05 18:46:11 +0000 2017,0.0,0.773,0.227,MPs join @WYFRS crews to see what a busy #bonfire wkend is like.  @UKParliament @BBCNews @GMB @SkyNews @simonisrael‚Ä¶ https://t.co/5se8oZMzGt,83
@BBCnews,0.0,Sun Nov 05 18:46:08 +0000 2017,0.0,1.0,0.0,"RT @BBCNews: Live #ParadisePapers updates: https://t.co/pETCL01Jmt

Twitter list of BBC journalists covering the story: https://t.co/LrMOZL‚Ä¶",84
@BBCnews,-0.4144,Sun Nov 05 18:45:59 +0000 2017,0.158,0.775,0.067,@modbet_UK @BBCNews üòÇüòÇ proper uneducated. Can't string an informative sentence together so resorts to insults. Kids‚Ä¶ https://t.co/GHHiM1gClh,85
@BBCnews,0.0,Sun Nov 05 18:45:57 +0000 2017,0.0,1.0,0.0,"RT @BBCNews: Live #ParadisePapers updates: https://t.co/pETCL01Jmt

Twitter list of BBC journalists covering the story: https://t.co/LrMOZL‚Ä¶",86
@BBCnews,0.0,Sun Nov 05 18:45:56 +0000 2017,0.0,1.0,0.0,@BBCNews https://t.co/VHTQLYPiXo,87
@BBCnews,-0.1027,Sun Nov 05 18:45:48 +0000 2017,0.069,0.931,0.0,RT @BBCNews: Lord Ashcroft secretly remained a non-dom despite attempts by MPs to make peers pay full UK tax https://t.co/dmUeANyRSa #Parad‚Ä¶,88
@BBCnews,0.296,Sun Nov 05 18:45:48 +0000 2017,0.107,0.728,0.165,@SupposATory @nw_nicholas @pplwhocantpark @StickMan_v7 @BBCNews No. Would you be kind enough to check I'm not trans‚Ä¶ https://t.co/OjlM4lCZVL,89
@BBCnews,0.0,Sun Nov 05 18:45:46 +0000 2017,0.0,1.0,0.0,"RT @BBCNews: Live #ParadisePapers updates: https://t.co/pETCL01Jmt

Twitter list of BBC journalists covering the story: https://t.co/LrMOZL‚Ä¶",90
@BBCnews,-0.1027,Sun Nov 05 18:45:43 +0000 2017,0.069,0.931,0.0,RT @BBCNews: Lord Ashcroft secretly remained a non-dom despite attempts by MPs to make peers pay full UK tax https://t.co/dmUeANyRSa #Parad‚Ä¶,91
@BBCnews,0.0,Sun Nov 05 18:45:43 +0000 2017,0.0,1.0,0.0,"RT @BBCNews: Live #ParadisePapers updates: https://t.co/pETCL01Jmt

Twitter list of BBC journalists covering the story: https://t.co/LrMOZL‚Ä¶",92
@BBCnews,0.6369,Sun Nov 05 18:45:42 +0000 2017,0.0,0.161,0.839,@BBCNews Dear dear,93
@BBCnews,0.0,Sun Nov 05 18:45:40 +0000 2017,0.0,1.0,0.0,"RT @BBCNews: Live #ParadisePapers updates: https://t.co/pETCL01Jmt

Twitter list of BBC journalists covering the story: https://t.co/LrMOZL‚Ä¶",94
@BBCnews,0.0,Sun Nov 05 18:45:37 +0000 2017,0.0,1.0,0.0,RT @leighdynamo1: #Marr #bbc #bbcnews @bbclaurak @BBCNews what action is being taken on this? https://t.co/G7UJ3iCb4v,95
@BBCnews,0.0,Sun Nov 05 18:45:36 +0000 2017,0.0,1.0,0.0,"RT @BBCNews: Live #ParadisePapers updates: https://t.co/pETCL01Jmt

Twitter list of BBC journalists covering the story: https://t.co/LrMOZL‚Ä¶",96
@BBCnews,-0.1027,Sun Nov 05 18:45:35 +0000 2017,0.069,0.931,0.0,RT @BBCNews: Lord Ashcroft secretly remained a non-dom despite attempts by MPs to make peers pay full UK tax https://t.co/dmUeANyRSa #Parad‚Ä¶,97
@BBCnews,0.5994,Sun Nov 05 18:45:31 +0000 2017,0.09,0.621,0.29,RT @BBCNews: Paradise Papers: Tax haven secrets of ultra-rich exposed https://t.co/0P5jsNGLGv,98
@BBCnews,0.0,Sun Nov 05 18:45:31 +0000 2017,0.0,1.0,0.0,"RT @BBCNews: Live #ParadisePapers updates: https://t.co/pETCL01Jmt

Twitter list of BBC journalists covering the story: https://t.co/LrMOZL‚Ä¶",99
@BBCnews,-0.1027,Sun Nov 05 18:45:29 +0000 2017,0.069,0.931,0.0,RT @BBCNews: Lord Ashcroft secretly remained a non-dom despite attempts by MPs to make peers pay full UK tax https://t.co/dmUeANyRSa #Parad‚Ä¶,100
@CBSnews,0.0,Sun Nov 05 18:51:21 +0000 2017,0.0,1.0,0.0,"RT @CBSNews: Six weeks after Hurricane Maria, Puerto Rico is still mostly without electricity https://t.co/U9ovHN5Vgz https://t.co/N69kUvMD‚Ä¶",1
@CBSnews,0.0,Sun Nov 05 18:51:20 +0000 2017,0.0,1.0,0.0,"RT @CBSNews: DEVELOPING: Witnesses tell CBS affiliate @KENS5 several people have been shot at church in Sutherland Springs, Texas https://t‚Ä¶",2
@CBSnews,0.0,Sun Nov 05 18:51:19 +0000 2017,0.0,1.0,0.0,"RT @CBSNews: Ousted Catalan president Carles Puigdemont and 4 ex-regional ministers taken into custody, Brussels prosecutors say https://t.‚Ä¶",3
@CBSnews,0.0,Sun Nov 05 18:51:18 +0000 2017,0.0,1.0,0.0,@CBSNews @KENS5 https://t.co/VHTQLYPiXo,4
@CBSnews,0.0,Sun Nov 05 18:51:17 +0000 2017,0.0,1.0,0.0,"A veteran's car, and a son's keepsake https://t.co/VF7GfjH0Jr via @cbsnews",5
@CBSnews,0.0,Sun Nov 05 18:51:16 +0000 2017,0.0,1.0,0.0,"Witnesses say several people shot at church in Sutherland Springs, Texas https://t.co/ihO9PyZpH0 via @cbsnews",6
@CBSnews,0.0,Sun Nov 05 18:51:14 +0000 2017,0.0,1.0,0.0,"RT @CBSNews: DEVELOPING: Witnesses tell CBS affiliate @KENS5 several people have been shot at church in Sutherland Springs, Texas https://t‚Ä¶",7
@CBSnews,0.0,Sun Nov 05 18:51:13 +0000 2017,0.0,1.0,0.0,"RT @CBSNews: DEVELOPING: Witnesses tell CBS affiliate @KENS5 several people have been shot at church in Sutherland Springs, Texas https://t‚Ä¶",8
@CBSnews,0.0,Sun Nov 05 18:51:12 +0000 2017,0.0,1.0,0.0,"RT @CBSNews: DEVELOPING: Witnesses tell CBS affiliate @KENS5 several people have been shot at church in Sutherland Springs, Texas https://t‚Ä¶",9
@CBSnews,-0.3612,Sun Nov 05 18:51:11 +0000 2017,0.128,0.872,0.0,Wondering why journalism sucks these days? This @CBSNews story has at least 43 @taboola ads on it  https://t.co/RakZKYozhh,10
@CBSnews,0.0,Sun Nov 05 18:51:10 +0000 2017,0.0,1.0,0.0,"RT @CBSNews: Six weeks after Hurricane Maria, Puerto Rico is still mostly without electricity https://t.co/U9ovHN5Vgz https://t.co/N69kUvMD‚Ä¶",11
@CBSnews,0.0,Sun Nov 05 18:51:09 +0000 2017,0.0,1.0,0.0,"RT @CBSNews: DEVELOPING: Witnesses tell CBS affiliate @KENS5 several people have been shot at church in Sutherland Springs, Texas https://t‚Ä¶",12
@CBSnews,0.0,Sun Nov 05 18:51:09 +0000 2017,0.0,1.0,0.0,"RT @CBSNews: DEVELOPING: Witnesses tell CBS affiliate @KENS5 several people have been shot at church in Sutherland Springs, Texas https://t‚Ä¶",13
@CBSnews,0.0,Sun Nov 05 18:51:09 +0000 2017,0.0,1.0,0.0,"RT @CBSNews: DEVELOPING: Witnesses tell CBS affiliate @KENS5 several people have been shot at church in Sutherland Springs, Texas https://t‚Ä¶",14
@CBSnews,0.0,Sun Nov 05 18:51:09 +0000 2017,0.0,1.0,0.0,"RT @CBSNews: DEVELOPING: Witnesses tell CBS affiliate @KENS5 several people have been shot at church in Sutherland Springs, Texas https://t‚Ä¶",15
@CBSnews,0.0,Sun Nov 05 18:51:06 +0000 2017,0.0,1.0,0.0,"RT @CBSNews: DEVELOPING: Witnesses tell CBS affiliate @KENS5 several people have been shot at church in Sutherland Springs, Texas https://t‚Ä¶",16
@CBSnews,0.0,Sun Nov 05 18:51:06 +0000 2017,0.0,1.0,0.0,"RT @CBSNews: DEVELOPING: Witnesses tell CBS affiliate @KENS5 several people have been shot at church in Sutherland Springs, Texas https://t‚Ä¶",17
@CBSnews,0.3412,Sun Nov 05 18:50:59 +0000 2017,0.0,0.882,0.118,RT @CBSNews: White House statement on President Trump's call with Saudi Arabia's King Salman doesn't mention overnight arrests https://t.co‚Ä¶,18
@CBSnews,0.0,Sun Nov 05 18:50:52 +0000 2017,0.0,1.0,0.0,"RT @CBSNews: DEVELOPING: Witnesses tell CBS affiliate @KENS5 several people have been shot at church in Sutherland Springs, Texas https://t‚Ä¶",19
@CBSnews,0.0,Sun Nov 05 18:50:51 +0000 2017,0.0,1.0,0.0,"RT @CBSNews: DEVELOPING: Witnesses tell CBS affiliate @KENS5 several people have been shot at church in Sutherland Springs, Texas https://t‚Ä¶",20
@CBSnews,-0.296,Sun Nov 05 18:50:48 +0000 2017,0.104,0.896,0.0,@CBSNews @KENS5 This church shooting needs to stop it is becoming a trend and his is the last place for this.,21
@CBSnews,0.3412,Sun Nov 05 18:50:47 +0000 2017,0.0,0.882,0.118,RT @CBSNews: White House statement on President Trump's call with Saudi Arabia's King Salman doesn't mention overnight arrests https://t.co‚Ä¶,22
@CBSnews,0.0,Sun Nov 05 18:50:47 +0000 2017,0.0,1.0,0.0,"RT @CBSNews: DEVELOPING: Witnesses tell CBS affiliate @KENS5 several people have been shot at church in Sutherland Springs, Texas https://t‚Ä¶",23
@CBSnews,0.6908,Sun Nov 05 18:50:46 +0000 2017,0.0,0.749,0.251,"RT @CBSNews: Special counsel Robert Mueller's grand jury is investigating Tony Podesta and Vin Weber, AP reports https://t.co/bcVzmEWprt ht‚Ä¶",24
@CBSnews,0.0,Sun Nov 05 18:50:45 +0000 2017,0.0,1.0,0.0,"RT @CBSNews: DEVELOPING: Witnesses tell CBS affiliate @KENS5 several people have been shot at church in Sutherland Springs, Texas https://t‚Ä¶",25
@CBSnews,0.0,Sun Nov 05 18:50:45 +0000 2017,0.0,1.0,0.0,"RT @CBSNews: DEVELOPING: Witnesses tell CBS affiliate @KENS5 several people have been shot at church in Sutherland Springs, Texas https://t‚Ä¶",26
@CBSnews,0.0,Sun Nov 05 18:50:44 +0000 2017,0.0,1.0,0.0,"RT @CBSNews: DEVELOPING: Witnesses tell CBS affiliate @KENS5 several people have been shot at church in Sutherland Springs, Texas https://t‚Ä¶",27
@CBSnews,0.0,Sun Nov 05 18:50:44 +0000 2017,0.0,1.0,0.0,"@CBSNews Not a betting man; but if I were, I would bet 'er year that a Kenyan, Ethiopian, Somalian or a Sudanese wo‚Ä¶ https://t.co/43LgTwA4ys",28
@CBSnews,0.0,Sun Nov 05 18:50:43 +0000 2017,0.0,1.0,0.0,"RT @CBSNews: DEVELOPING: Witnesses tell CBS affiliate @KENS5 several people have been shot at church in Sutherland Springs, Texas https://t‚Ä¶",29
@CBSnews,0.0,Sun Nov 05 18:50:42 +0000 2017,0.0,1.0,0.0,"RT @CBSNews: DEVELOPING: Witnesses tell CBS affiliate @KENS5 several people have been shot at church in Sutherland Springs, Texas https://t‚Ä¶",30
@CBSnews,0.0,Sun Nov 05 18:50:42 +0000 2017,0.0,1.0,0.0,@Ahasan_Alif @CBSNews @KENS5 Not here,31
@CBSnews,0.0,Sun Nov 05 18:50:39 +0000 2017,0.0,1.0,0.0,"RT @CBSNews: DEVELOPING: Witnesses tell CBS affiliate @KENS5 several people have been shot at church in Sutherland Springs, Texas https://t‚Ä¶",32
@CBSnews,0.0,Sun Nov 05 18:50:38 +0000 2017,0.0,1.0,0.0,"RT @CBSNews: DEVELOPING: Witnesses tell CBS affiliate @KENS5 several people have been shot at church in Sutherland Springs, Texas https://t‚Ä¶",33
@CBSnews,0.0,Sun Nov 05 18:50:35 +0000 2017,0.0,1.0,0.0,"RT @CBSNews: DEVELOPING: Witnesses tell CBS affiliate @KENS5 several people have been shot at church in Sutherland Springs, Texas https://t‚Ä¶",34
@CBSnews,0.0,Sun Nov 05 18:50:29 +0000 2017,0.0,1.0,0.0,"RT @CBSNews: DEVELOPING: Witnesses tell CBS affiliate @KENS5 several people have been shot at church in Sutherland Springs, Texas https://t‚Ä¶",35
@CBSnews,0.0,Sun Nov 05 18:50:27 +0000 2017,0.0,1.0,0.0,"RT @CBSNews: Six weeks after Hurricane Maria, Puerto Rico is still mostly without electricity https://t.co/U9ovHN5Vgz https://t.co/N69kUvMD‚Ä¶",36
@CBSnews,0.0,Sun Nov 05 18:50:26 +0000 2017,0.0,1.0,0.0,@seekdivinetruth @BerniceKing @NBCNews @CBSNews @FoxNews @ShaunKing @nytimes @NBCBLK @JoyAnnReid @ABCWorldNews‚Ä¶ https://t.co/FtIHFGKxLH,37
@CBSnews,0.0,Sun Nov 05 18:50:23 +0000 2017,0.0,1.0,0.0,"RT @CBSNews: DEVELOPING: Witnesses tell CBS affiliate @KENS5 several people have been shot at church in Sutherland Springs, Texas https://t‚Ä¶",38
@CBSnews,0.3412,Sun Nov 05 18:50:22 +0000 2017,0.0,0.882,0.118,RT @CBSNews: White House statement on President Trump's call with Saudi Arabia's King Salman doesn't mention overnight arrests https://t.co‚Ä¶,39
@CBSnews,0.0,Sun Nov 05 18:50:20 +0000 2017,0.0,1.0,0.0,"RT @CBSNews: George H.W. Bush calls President Trump a ""blowhard"" in new book https://t.co/K6cNTffHeH https://t.co/t3U47JzYmm",40
@CBSnews,0.0,Sun Nov 05 18:50:20 +0000 2017,0.0,1.0,0.0,"RT @CBSNews: DEVELOPING: Witnesses tell CBS affiliate @KENS5 several people have been shot at church in Sutherland Springs, Texas https://t‚Ä¶",41
@CBSnews,0.0,Sun Nov 05 18:50:18 +0000 2017,0.0,1.0,0.0,RT @carrieyale: High art: Aerial photography sees a surge in amateurs https://t.co/TdK01Nf9fr via @cbsnews,42
@CBSnews,0.0,Sun Nov 05 18:50:18 +0000 2017,0.0,1.0,0.0,"@KurtSchlichter @townhallcom;@FoxNews;@CBSNews;@NBCNews
Amen.",43
@CBSnews,0.0,Sun Nov 05 18:50:18 +0000 2017,0.0,1.0,0.0,@eucopresident @EUCouncilPress @EUCouncilTVNews @EUCourtPress @BBCWorld @cnni @CBSNews @AlJazeera_World @SkyNews https://t.co/2eefSi0fin,44
@CBSnews,0.0,Sun Nov 05 18:50:17 +0000 2017,0.0,1.0,0.0,"RT @CBSNews: DEVELOPING: Witnesses tell CBS affiliate @KENS5 several people have been shot at church in Sutherland Springs, Texas https://t‚Ä¶",45
@CBSnews,0.0,Sun Nov 05 18:50:16 +0000 2017,0.0,1.0,0.0,"RT @CBSNews: DEVELOPING: Witnesses tell CBS affiliate @KENS5 several people have been shot at church in Sutherland Springs, Texas https://t‚Ä¶",46
@CBSnews,0.0,Sun Nov 05 18:50:14 +0000 2017,0.0,1.0,0.0,@LopaLopes @CBSNews @KENS5 Not this thread.,47
@CBSnews,0.0,Sun Nov 05 18:50:13 +0000 2017,0.0,1.0,0.0,"RT @CBSNews: DEVELOPING: Witnesses tell CBS affiliate @KENS5 several people have been shot at church in Sutherland Springs, Texas https://t‚Ä¶",48
@CBSnews,0.0,Sun Nov 05 18:50:10 +0000 2017,0.0,1.0,0.0,"RT @CBSNews: Six weeks after Hurricane Maria, Puerto Rico is still mostly without electricity https://t.co/U9ovHN5Vgz https://t.co/N69kUvMD‚Ä¶",49
@CBSnews,0.0,Sun Nov 05 18:50:10 +0000 2017,0.0,1.0,0.0,RT @JanHale19: @CBSNews So why was Jared in Saudi Arabia last week again?,50
@CBSnews,0.0,Sun Nov 05 18:50:08 +0000 2017,0.0,1.0,0.0,"RT @CBSNews: DEVELOPING: Witnesses tell CBS affiliate @KENS5 several people have been shot at church in Sutherland Springs, Texas https://t‚Ä¶",51
@CBSnews,0.0,Sun Nov 05 18:50:01 +0000 2017,0.0,1.0,0.0,"RT @CBSNews: DEVELOPING: Witnesses tell CBS affiliate @KENS5 several people have been shot at church in Sutherland Springs, Texas https://t‚Ä¶",52
@CBSnews,0.0,Sun Nov 05 18:50:00 +0000 2017,0.0,1.0,0.0,"RT @CBSNews: DEVELOPING: Witnesses tell CBS affiliate @KENS5 several people have been shot at church in Sutherland Springs, Texas https://t‚Ä¶",53
@CBSnews,0.4926,Sun Nov 05 18:50:00 +0000 2017,0.0,0.556,0.444,@JanHale19 @CBSNews That‚Äôs a good question!ü§î,54
@CBSnews,0.0,Sun Nov 05 18:49:59 +0000 2017,0.0,1.0,0.0,"RT @CBSNews: DEVELOPING: Witnesses tell CBS affiliate @KENS5 several people have been shot at church in Sutherland Springs, Texas https://t‚Ä¶",55
@CBSnews,0.0,Sun Nov 05 18:49:58 +0000 2017,0.0,1.0,0.0,"RT @CBSNews: DEVELOPING: Witnesses tell CBS affiliate @KENS5 several people have been shot at church in Sutherland Springs, Texas https://t‚Ä¶",56
@CBSnews,0.0,Sun Nov 05 18:49:58 +0000 2017,0.0,1.0,0.0,"RT @CBSNews: DEVELOPING: Witnesses tell CBS affiliate @KENS5 several people have been shot at church in Sutherland Springs, Texas https://t‚Ä¶",57
@CBSnews,-0.4767,Sun Nov 05 18:49:57 +0000 2017,0.437,0.563,0.0,@CBSNews @KENS5 Every goddamn day.,58
@CBSnews,0.0,Sun Nov 05 18:49:56 +0000 2017,0.0,1.0,0.0,RT @CBSNews: Paul Newman's 1968 Daytona Rolex sold for $17.8 million -- the highest price ever paid for a watch at auction https://t.co/Rmv‚Ä¶,59
@CBSnews,0.5719,Sun Nov 05 18:49:55 +0000 2017,0.0,0.837,0.163,"RT @CBSNews: Geoffrey Kamworor of Kenya wins men's New York City Marathon, holding off countryman Wilson Kipsang by 3 seconds: https://t.co‚Ä¶",60
@CBSnews,0.0,Sun Nov 05 18:49:55 +0000 2017,0.0,1.0,0.0,"RT @CBSNews: DEVELOPING: Witnesses tell CBS affiliate @KENS5 several people have been shot at church in Sutherland Springs, Texas https://t‚Ä¶",61
@CBSnews,0.0,Sun Nov 05 18:49:53 +0000 2017,0.0,1.0,0.0,"RT @CBSNews: DEVELOPING: Witnesses tell CBS affiliate @KENS5 several people have been shot at church in Sutherland Springs, Texas https://t‚Ä¶",62
@CBSnews,0.0,Sun Nov 05 18:49:51 +0000 2017,0.0,1.0,0.0,"RT @CBSNews: American soldier in Niger may have been captured by Islamic militants, CBS News has learned https://t.co/9fzCPPp0wh https://t.‚Ä¶",63
@CBSnews,0.0,Sun Nov 05 18:49:50 +0000 2017,0.0,1.0,0.0,"RT @CBSNews: DEVELOPING: Witnesses tell CBS affiliate @KENS5 several people have been shot at church in Sutherland Springs, Texas https://t‚Ä¶",64
@CBSnews,0.0,Sun Nov 05 18:49:50 +0000 2017,0.0,1.0,0.0,"RT @CBSNews: DEVELOPING: Witnesses tell CBS affiliate @KENS5 several people have been shot at church in Sutherland Springs, Texas https://t‚Ä¶",65
@CBSnews,-0.4939,Sun Nov 05 18:49:49 +0000 2017,0.219,0.702,0.079,@CBSNews @KENS5 Top 15 Healthiest Fruits List for Human Body-How to Lose Body Fat-Best Weight Loss Diet 2018 https://t.co/BEaHSMDuLH,66
@CBSnews,0.0,Sun Nov 05 18:49:48 +0000 2017,0.0,1.0,0.0,"RT @CBSNews: DEVELOPING: Witnesses tell CBS affiliate @KENS5 several people have been shot at church in Sutherland Springs, Texas https://t‚Ä¶",67
@CBSnews,0.0,Sun Nov 05 18:49:44 +0000 2017,0.0,1.0,0.0,"RT @CBSNews: DEVELOPING: Witnesses tell CBS affiliate @KENS5 several people have been shot at church in Sutherland Springs, Texas https://t‚Ä¶",68
@CBSnews,0.0,Sun Nov 05 18:49:40 +0000 2017,0.0,1.0,0.0,"RT @CBSNews: DEVELOPING: Witnesses tell CBS affiliate @KENS5 several people have been shot at church in Sutherland Springs, Texas https://t‚Ä¶",69
@CBSnews,0.0,Sun Nov 05 18:49:39 +0000 2017,0.0,1.0,0.0,CBS Hillary collusion .@AP @PBS @nprpolitics @CBSNews @latimes @nytimes @BostonGlobe @sacbee_news @WSJopinion @ABC‚Ä¶ https://t.co/Zd68TOgQ9D,70
@CBSnews,0.0,Sun Nov 05 18:49:38 +0000 2017,0.0,1.0,0.0,"RT @CBSNews: DEVELOPING: Witnesses tell CBS affiliate @KENS5 several people have been shot at church in Sutherland Springs, Texas https://t‚Ä¶",71
@CBSnews,0.3182,Sun Nov 05 18:49:38 +0000 2017,0.0,0.905,0.095,"@CNN @FoxNews @MSNBC @NBCNews @CBSNews @ABC If you are in the news business for ratings, get out the business. We need the truth.",72
@CBSnews,0.0,Sun Nov 05 18:49:37 +0000 2017,0.0,1.0,0.0,"RT @CBSNews: DEVELOPING: Witnesses tell CBS affiliate @KENS5 several people have been shot at church in Sutherland Springs, Texas https://t‚Ä¶",73
@CBSnews,0.0,Sun Nov 05 18:49:35 +0000 2017,0.0,1.0,0.0,"RT @CBSNews: DEVELOPING: Witnesses tell CBS affiliate @KENS5 several people have been shot at church in Sutherland Springs, Texas https://t‚Ä¶",74
@CBSnews,0.3382,Sun Nov 05 18:49:33 +0000 2017,0.0,0.676,0.324,RT @SandraFender1: @CBSNews @KENS5 My God!,75
@CBSnews,0.0,Sun Nov 05 18:49:30 +0000 2017,0.0,1.0,0.0,"@CBSNews @KENS5 Looking for photo editing, removing background, photo retouching? Contact https://t.co/alvME3nmKM",76
@CBSnews,0.0,Sun Nov 05 18:49:30 +0000 2017,0.0,1.0,0.0,"RT @CBSNews: DEVELOPING: Witnesses tell CBS affiliate @KENS5 several people have been shot at church in Sutherland Springs, Texas https://t‚Ä¶",77
@CBSnews,0.3382,Sun Nov 05 18:49:29 +0000 2017,0.0,0.556,0.444,@CBSNews @KENS5 My God!,78
@CBSnews,0.0,Sun Nov 05 18:49:27 +0000 2017,0.0,1.0,0.0,"RT @CBSNews: DEVELOPING: Witnesses tell CBS affiliate @KENS5 several people have been shot at church in Sutherland Springs, Texas https://t‚Ä¶",79
@CBSnews,0.0,Sun Nov 05 18:49:27 +0000 2017,0.0,1.0,0.0,"RT @CBSNews: DEVELOPING: Witnesses tell CBS affiliate @KENS5 several people have been shot at church in Sutherland Springs, Texas https://t‚Ä¶",80
@CBSnews,0.0,Sun Nov 05 18:49:23 +0000 2017,0.0,1.0,0.0,"RT @CBSNews: DEVELOPING: Witnesses tell CBS affiliate @KENS5 several people have been shot at church in Sutherland Springs, Texas https://t‚Ä¶",81
@CBSnews,0.0,Sun Nov 05 18:49:21 +0000 2017,0.0,1.0,0.0,"RT @CBSNews: DEVELOPING: Witnesses tell CBS affiliate @KENS5 several people have been shot at church in Sutherland Springs, Texas https://t‚Ä¶",82
@CBSnews,0.0,Sun Nov 05 18:49:20 +0000 2017,0.0,1.0,0.0,"RT @CBSNews: DEVELOPING: Witnesses tell CBS affiliate @KENS5 several people have been shot at church in Sutherland Springs, Texas https://t‚Ä¶",83
@CBSnews,0.0,Sun Nov 05 18:49:17 +0000 2017,0.0,1.0,0.0,"RT @CBSNews: DEVELOPING: Witnesses tell CBS affiliate @KENS5 several people have been shot at church in Sutherland Springs, Texas https://t‚Ä¶",84
@CBSnews,0.0,Sun Nov 05 18:49:15 +0000 2017,0.0,1.0,0.0,"RT @CBSNews: DEVELOPING: Witnesses tell CBS affiliate @KENS5 several people have been shot at church in Sutherland Springs, Texas https://t‚Ä¶",85
@CBSnews,0.0,Sun Nov 05 18:49:15 +0000 2017,0.0,1.0,0.0,Wonder can Springer Dinger QB! @HoustonTexans @astros @CBSNews,86
@CBSnews,0.0,Sun Nov 05 18:49:13 +0000 2017,0.0,1.0,0.0,"RT @CBSNews: DEVELOPING: Witnesses tell CBS affiliate @KENS5 several people have been shot at church in Sutherland Springs, Texas https://t‚Ä¶",87
@CBSnews,0.0,Sun Nov 05 18:49:11 +0000 2017,0.0,1.0,0.0,"RT @CBSNews: DEVELOPING: Witnesses tell CBS affiliate @KENS5 several people have been shot at church in Sutherland Springs, Texas https://t‚Ä¶",88
@CBSnews,0.0,Sun Nov 05 18:49:10 +0000 2017,0.0,1.0,0.0,"RT @CBSNews: DEVELOPING: Witnesses tell CBS affiliate @KENS5 several people have been shot at church in Sutherland Springs, Texas https://t‚Ä¶",89
@CBSnews,0.0,Sun Nov 05 18:49:09 +0000 2017,0.0,1.0,0.0,@CBSNews @KENS5 Must be a day that ends in a Y in America.,90
@CBSnews,0.0,Sun Nov 05 18:49:09 +0000 2017,0.0,1.0,0.0,"RT @CBSNews: DEVELOPING: Witnesses tell CBS affiliate @KENS5 several people have been shot at church in Sutherland Springs, Texas https://t‚Ä¶",91
@CBSnews,0.0,Sun Nov 05 18:49:06 +0000 2017,0.0,1.0,0.0,"RT @CBSNews: DEVELOPING: Witnesses tell CBS affiliate @KENS5 several people have been shot at church in Sutherland Springs, Texas https://t‚Ä¶",92
@CBSnews,0.0,Sun Nov 05 18:49:06 +0000 2017,0.0,1.0,0.0,"RT @CBSNews: DEVELOPING: Witnesses tell CBS affiliate @KENS5 several people have been shot at church in Sutherland Springs, Texas https://t‚Ä¶",93
@CBSnews,0.0,Sun Nov 05 18:49:04 +0000 2017,0.0,1.0,0.0,"RT @CBSNews: DEVELOPING: Witnesses tell CBS affiliate @KENS5 several people have been shot at church in Sutherland Springs, Texas https://t‚Ä¶",94
@CBSnews,0.0,Sun Nov 05 18:49:00 +0000 2017,0.0,1.0,0.0,"RT @CBSNews: DEVELOPING: Witnesses tell CBS affiliate @KENS5 several people have been shot at church in Sutherland Springs, Texas https://t‚Ä¶",95
@CBSnews,0.0,Sun Nov 05 18:48:58 +0000 2017,0.0,1.0,0.0,"RT @CBSNews: DEVELOPING: Witnesses tell CBS affiliate @KENS5 several people have been shot at church in Sutherland Springs, Texas https://t‚Ä¶",96
@CBSnews,0.0,Sun Nov 05 18:48:57 +0000 2017,0.0,1.0,0.0,"RT @CBSNews: DEVELOPING: Witnesses tell CBS affiliate @KENS5 several people have been shot at church in Sutherland Springs, Texas https://t‚Ä¶",97
@CBSnews,0.6908,Sun Nov 05 18:48:56 +0000 2017,0.0,0.749,0.251,"RT @CBSNews: Special counsel Robert Mueller's grand jury is investigating Tony Podesta and Vin Weber, AP reports https://t.co/bcVzmEWprt ht‚Ä¶",98
@CBSnews,0.0,Sun Nov 05 18:48:55 +0000 2017,0.0,1.0,0.0,"RT @CBSNews: DEVELOPING: Witnesses tell CBS affiliate @KENS5 several people have been shot at church in Sutherland Springs, Texas https://t‚Ä¶",99
@CBSnews,0.0,Sun Nov 05 18:48:55 +0000 2017,0.0,1.0,0.0,"RT @CBSNews: DEVELOPING: Witnesses tell CBS affiliate @KENS5 several people have been shot at church in Sutherland Springs, Texas https://t‚Ä¶",100
@CNN,0.0,Sun Nov 05 18:51:23 +0000 2017,0.0,1.0,0.0,@bhabrock12 @KellyannePolls @ReliableSources @brianstelter @CNN This guy reminds me of a beaver chewing on a piece of wood..I don't know why,1
@CNN,0.0,Sun Nov 05 18:51:22 +0000 2017,0.0,1.0,0.0,@pcrafton4 @CNN NEVER? Really?,2
@CNN,-0.4215,Sun Nov 05 18:51:20 +0000 2017,0.318,0.682,0.0,@brianstelter @CNN @ReliableSources Absolute waste of airspace.,3
@CNN,0.1655,Sun Nov 05 18:51:20 +0000 2017,0.147,0.632,0.221,"@Smash_Lunatic @tuc9 @CNN @FareedZakaria I laugh each time I read this lame, false and transparent excuse. I'd like‚Ä¶ https://t.co/YQfklR9zqV",4
@CNN,0.4019,Sun Nov 05 18:51:20 +0000 2017,0.168,0.458,0.374,"@AnushayHossain @CNN @KellyannePolls Agree, just stop giving her a platform",5
@CNN,-0.34,Sun Nov 05 18:51:19 +0000 2017,0.234,0.642,0.124,"@DutyOfAPatriot @reallyo1 @CNN @brianstelter It's hilarious and sad that even after all the propaganda made public,‚Ä¶ https://t.co/CXS0KRW14v",6
@CNN,0.0,Sun Nov 05 18:51:18 +0000 2017,0.0,1.0,0.0,"RT @CNN: .@brianstelter to Kellyanne Conway: ""Viewers see your pivoting...when I say Russia, you say Clinton"" https://t.co/lc5IdbzAP9",7
@CNN,-0.8402,Sun Nov 05 18:51:17 +0000 2017,0.308,0.692,0.0,"RT @CNN: Sen. Dianne Feinstein urges diplomacy with North Korea: ""The worst alternative is a war which could become nuclear"" https://t.co/9‚Ä¶",8
@CNN,0.0,Sun Nov 05 18:51:17 +0000 2017,0.0,1.0,0.0,"@FuZZ76 @President1Trump @CNN Seen segments where they pull back,show reporters few ft away from ea other, showing‚Ä¶ https://t.co/SfNAUZAlv3",9
@CNN,-0.5411,Sun Nov 05 18:51:16 +0000 2017,0.36,0.64,0.0,"@dannythephantum @jq_martinez @PolitiKauza @CNN Stop spreading propaganda! 
You're obviously a tool.",10
@CNN,-0.8016,Sun Nov 05 18:51:16 +0000 2017,0.59,0.41,0.0,@CNN Wtf is wrong with her!? üôÑüôÑüôÑüòí,11
@CNN,-0.6369,Sun Nov 05 18:51:15 +0000 2017,0.189,0.756,0.055,RT @j762556: @CernovichNews @abitx2u @CNN @donnabrazile @HillaryClinton I think hrc told her to stfu or she‚Äôd be committing suicide by shoo‚Ä¶,12
@CNN,-0.5106,Sun Nov 05 18:51:15 +0000 2017,0.268,0.732,0.0,@CNN shuuuuut up idiot liberals.  Grown ups are busy #maga.,13
@CNN,0.0,Sun Nov 05 18:51:15 +0000 2017,0.0,1.0,0.0,RT @BlueWaveYes: @Make_the_furfly @DutyOfAPatriot @CNN @brianstelter  https://t.co/KvKurrqOCx,14
@CNN,0.0,Sun Nov 05 18:51:14 +0000 2017,0.0,1.0,0.0,"RT @CNN: .@brianstelter to Kellyanne Conway: ""Viewers see your pivoting...when I say Russia, you say Clinton"" https://t.co/lc5IdbzAP9",15
@CNN,-0.8714,Sun Nov 05 18:51:12 +0000 2017,0.42,0.58,0.0,"RT @CNN: .@FareedZakaria: NY attack ""an isolated incident by one troubled man that shouldn't lead to grand generalizations"" https://t.co/4I‚Ä¶",16
@CNN,-0.0516,Sun Nov 05 18:51:12 +0000 2017,0.136,0.734,0.129,"@CNN Neither did W Bush. W Bush got shoes thrown at him in overseas visit, brought dow Blair,  universal debacle. He loves another Iraq war.",17
@CNN,-0.507,Sun Nov 05 18:51:11 +0000 2017,0.201,0.799,0.0,RT @CNN: The most spectacular abandoned castles around the world https://t.co/DC14SubQJa via @cnntravel https://t.co/ExuBF2XKe8,18
@CNN,0.4019,Sun Nov 05 18:51:09 +0000 2017,0.0,0.828,0.172,@andyinTOONT @awarness2020 @CNN @jaketapper @HardballChris @SenWarren @HillaryClinton Yes we must beware of distrac‚Ä¶ https://t.co/B5ytdqAlcx,19
@CNN,0.0,Sun Nov 05 18:51:09 +0000 2017,0.0,1.0,0.0,@brianstelter @JoyAnnReid @CNN https://t.co/a7h1j1zpB9,20
@CNN,-0.7579,Sun Nov 05 18:51:07 +0000 2017,0.261,0.69,0.05,They simply don‚Äôt want their viewers to only know what they tell them. Lying by omission is still lying @CNN https://t.co/8XY4tk845g,21
@CNN,0.4199,Sun Nov 05 18:51:06 +0000 2017,0.0,0.883,0.117,"RT @CernovichNews: Hi @CNN, we can't wait to see you jump all over @donnabrazile's claim that @HillaryClinton treated her ""like a slave!"" h‚Ä¶",22
@CNN,0.0,Sun Nov 05 18:51:06 +0000 2017,0.0,1.0,0.0,@CNN @brianstelter @brianstelter is SAaaaaaaavage üòÇüòÇ,23
@CNN,0.6696,Sun Nov 05 18:51:05 +0000 2017,0.0,0.776,0.224,RT @KimFeinberg: @CNN Children should have time disconnected as well for time out to be kids ! And interact with their friends,24
@CNN,0.0,Sun Nov 05 18:51:05 +0000 2017,0.0,1.0,0.0,@n_c2016 @JaredHylton @CNN @brianstelter Classic GOP: Russia first,25
@CNN,0.0,Sun Nov 05 18:51:03 +0000 2017,0.0,1.0,0.0,RT @ZenaMorse: @RodStryker @Fuctupmind @CNN Trump is proven Right time time &amp; time again,26
@CNN,-0.25,Sun Nov 05 18:51:02 +0000 2017,0.172,0.707,0.121,RT @atheistsresist: This is why I don‚Äôt watch @CNN. Giving this shill regular airtime is disgusting. https://t.co/IgtjteKa1q,27
@CNN,0.0,Sun Nov 05 18:51:02 +0000 2017,0.0,1.0,0.0,@1LordBaltimore @CNN @brianstelter But yet you follow them on Twitter you inbred,28
@CNN,0.0,Sun Nov 05 18:51:01 +0000 2017,0.0,1.0,0.0,@DutyOfAPatriot @CNN @brianstelter #CNNisFakeNews,29
@CNN,0.0,Sun Nov 05 18:51:00 +0000 2017,0.0,1.0,0.0,@stevehardmam @AnnaEileen5 @CNN @brianstelter I didn't send that question to you.  But now I know both these accoun‚Ä¶ https://t.co/MaOssxp5I2,30
@CNN,-0.1154,Sun Nov 05 18:51:00 +0000 2017,0.106,0.807,0.087,@jaketapper why does @CNN keep torturing us with her? I respect wanting to be impartial but find someone else to in‚Ä¶ https://t.co/Rz4Mijl0WV,31
@CNN,0.0,Sun Nov 05 18:50:59 +0000 2017,0.0,1.0,0.0,"RT @CNN: Sen. Feinstein on AG Sessions' testimony about Russia: ""I think he should come back and clarify it"" #CNNSOTU https://t.co/gPiao3H9‚Ä¶",32
@CNN,0.0772,Sun Nov 05 18:50:57 +0000 2017,0.0,0.933,0.067,@CNN @MSNBC @nytimes @KIRO7Seattle~ America~ Today's news may be the reason the Republicans want to rush their Tax‚Ä¶ https://t.co/JCRkGVZh3V,33
@CNN,-0.128,Sun Nov 05 18:50:57 +0000 2017,0.255,0.588,0.157,RT @AnushayHossain: Seriously? @CNN should stop giving @KellyannePolls any air time. https://t.co/YWQdN2OazZ,34
@CNN,-0.5255,Sun Nov 05 18:50:56 +0000 2017,0.139,0.861,0.0,RT @President1Trump: How fake is @CNN you may  ask!.It‚Äôs so #Fake 2 reporters in split screen are right next to each other https://t.co/J7m‚Ä¶,35
@CNN,0.0,Sun Nov 05 18:50:56 +0000 2017,0.0,1.0,0.0,"@jaketapper @RepCharlieDent @realDonaldTrump Papadopoulos was a volunteer, genius. Don't tell me the producers at‚Ä¶ https://t.co/WjTVsrXG8b",36
@CNN,0.0,Sun Nov 05 18:50:55 +0000 2017,0.0,1.0,0.0,RT @realGeoffHollnd: @sakurabruh @brianstelter @JeffreyGuterman @mollylyons @lacrossemom5 @MyraDSirois1 @TheRickWilson @CNN @KellyannePolls‚Ä¶,37
@CNN,-0.296,Sun Nov 05 18:50:55 +0000 2017,0.099,0.901,0.0,"RT @_Smorgasbord: @eugenegu @thebradfordfile @realDonaldTrump No, we don't make stuff up about our president.
You have to watch @cnn to get‚Ä¶",38
@CNN,0.4919,Sun Nov 05 18:50:53 +0000 2017,0.0,0.77,0.23,@CNN someplace we need to go is making sure pelosi is not the leader no more.,39
@CNN,0.0,Sun Nov 05 18:50:53 +0000 2017,0.0,1.0,0.0,"RT @CNN: .@brianstelter to Kellyanne Conway: ""We're not anti-Trump, Kellyanne. We're pro-truth."" https://t.co/V6VhiZMg0R",40
@CNN,0.6653,Sun Nov 05 18:50:53 +0000 2017,0.0,0.745,0.255,@sima_jon9 @stevehardmam @CNN @brianstelter I speak 3 languages... you're so smart how many do you  speak????,41
@CNN,0.0,Sun Nov 05 18:50:51 +0000 2017,0.0,1.0,0.0,"RT @CNN: .@brianstelter to Kellyanne Conway: ""Viewers see your pivoting...when I say Russia, you say Clinton"" https://t.co/lc5IdbzAP9",42
@CNN,0.0,Sun Nov 05 18:50:49 +0000 2017,0.0,1.0,0.0,@Masharky @_Smorgasbord @eugenegu @thebradfordfile @realDonaldTrump @CNN @POTUS https://t.co/UaqWd7I3Qj,43
@CNN,0.0,Sun Nov 05 18:50:48 +0000 2017,0.0,1.0,0.0,"@CNN @POTUS should deport traitors from @CNNPolitics to Siberia, if Siberia would take them. @jaketapper @wolfblitzer",44
@CNN,-0.34,Sun Nov 05 18:50:48 +0000 2017,0.145,0.763,0.092,@CNN Far too long world let Kim play- Watched him slay- All who opposed his way- Towards NK'S doomsday- His people‚Ä¶ https://t.co/9UoCNGha3R,45
@CNN,0.0,Sun Nov 05 18:50:48 +0000 2017,0.0,1.0,0.0,"RT @nwsltrMe: ""Just own it"" @BrianStelter steps in it bringing up @Foxnews. @KellyannePolls quickly schools him about what @CNN once was bu‚Ä¶",46
@CNN,-0.5473,Sun Nov 05 18:50:48 +0000 2017,0.179,0.725,0.096,@CNN IF NK shoots a NUKE at US it will KILL 100K USA THAT'S better then 100K Koreans? NK CAN'T HAVE A NUKE GET THAT‚Ä¶ https://t.co/TBZgUtD1Tx,47
@CNN,-0.4767,Sun Nov 05 18:50:47 +0000 2017,0.341,0.659,0.0,"@jaketapper Yea, starting with Fake News @CNN",48
@CNN,0.0,Sun Nov 05 18:50:47 +0000 2017,0.0,1.0,0.0,"RT @CNN: .@brianstelter to Kellyanne Conway: ""We're not anti-Trump, Kellyanne. We're pro-truth."" https://t.co/V6VhiZMg0R",49
@CNN,0.2584,Sun Nov 05 18:50:47 +0000 2017,0.0,0.893,0.107,@CNN @brianstelter Don't bother.  TraitorTrump paid Conning Conway to lie.  Her soul was sold to the highest bidder.,50
@CNN,0.0,Sun Nov 05 18:50:46 +0000 2017,0.0,1.0,0.0,RT @Harlan: I guess to @CNN being ‚Äúpro-Truth‚Äù means having an anti-Trump pundit (@Acosta) as its chief WH correspondent? https://t.co/61Ob1‚Ä¶,51
@CNN,0.0,Sun Nov 05 18:50:45 +0000 2017,0.0,1.0,0.0,RT @RodStryker: @Fuctupmind @CNN  https://t.co/WFyetPS2qu,52
@CNN,0.4215,Sun Nov 05 18:50:45 +0000 2017,0.0,0.872,0.128,RT @1b72de52fc0a476: @ReliableSources @brianstelter @CNN Let's go after Fox Entertainment advertisers. Appears to be the only way to make t‚Ä¶,53
@CNN,-0.5859,Sun Nov 05 18:50:42 +0000 2017,0.242,0.758,0.0,Gonorrhea rates in Australia up 63% @CNN https://t.co/yKeQ3IBiMy Merican NRA likely to blame it on gun control?,54
@CNN,0.0,Sun Nov 05 18:50:42 +0000 2017,0.0,1.0,0.0,RT @sakurabruh: @realGeoffHollnd @brianstelter @JeffreyGuterman @mollylyons @lacrossemom5 @MyraDSirois1 @TheRickWilson @CNN @KellyannePolls‚Ä¶,55
@CNN,0.0,Sun Nov 05 18:50:41 +0000 2017,0.0,1.0,0.0,RT @RodStryker: @Fuctupmind @CNN  https://t.co/WFyetPS2qu,56
@CNN,0.4215,Sun Nov 05 18:50:41 +0000 2017,0.0,0.865,0.135,"RT @petefrt: Hillary: I'm donating Weinstein money to charity. #ClintonFoundation  #SlushFund

@abc @cbs @nbc @cnn @msnbc @pbs @NYTimes @Wa‚Ä¶",57
@CNN,0.0,Sun Nov 05 18:50:40 +0000 2017,0.0,1.0,0.0,"@CNN @brianstelter @CNN Pres Trump on11 day Asia trip,tax plan announced,great jobs report!Flipped to cnn&amp;msnbc&amp;sho‚Ä¶ https://t.co/ieFk3qidn6",58
@CNN,0.34,Sun Nov 05 18:50:40 +0000 2017,0.0,0.87,0.13,RT @CNN: Alec Baldwin's President Trump shared a shower with Paul Manafort on @nbcsnl last night https://t.co/uHcj6PRTqU https://t.co/TXxi7‚Ä¶,59
@CNN,0.0,Sun Nov 05 18:50:40 +0000 2017,0.0,1.0,0.0,@MPMontague2 @_Smorgasbord @Masharky @marcbos72 @eugenegu @thebradfordfile @realDonaldTrump @CNN @POTUS Why? becaus‚Ä¶ https://t.co/R7TI8d6kMC,60
@CNN,0.4215,Sun Nov 05 18:50:40 +0000 2017,0.0,0.865,0.135,"RT @petefrt: Hillary: I'm donating Weinstein money to charity. #ClintonFoundation  #SlushFund

@abc @cbs @nbc @cnn @msnbc @pbs @NYTimes @Wa‚Ä¶",61
@CNN,0.4199,Sun Nov 05 18:50:39 +0000 2017,0.0,0.883,0.117,"RT @CernovichNews: Hi @CNN, we can't wait to see you jump all over @donnabrazile's claim that @HillaryClinton treated her ""like a slave!"" h‚Ä¶",62
@CNN,0.0,Sun Nov 05 18:50:39 +0000 2017,0.0,1.0,0.0,@1LordBaltimore @CNN @brianstelter  https://t.co/of07t1mV4T,63
@CNN,-0.5413,Sun Nov 05 18:50:38 +0000 2017,0.189,0.811,0.0,RT @weneverlie: @NFL doing more damage control than a hillary clinton lawyer. #BoycottNFL #BoycottNFLSponsors #BoycottPapaJohns @CNN @seanh‚Ä¶,64
@CNN,0.5106,Sun Nov 05 18:50:38 +0000 2017,0.0,0.852,0.148,"@CNN Another Republican Senator, with common sense. Kudos to Bob Coker. Common sense Is something, that Trump will never have.",65
@CNN,0.0,Sun Nov 05 18:50:37 +0000 2017,0.0,1.0,0.0,RT @Harlan: I guess to @CNN being ‚Äúpro-Truth‚Äù means having an anti-Trump pundit (@Acosta) as its chief WH correspondent? https://t.co/61Ob1‚Ä¶,66
@CNN,0.5719,Sun Nov 05 18:50:37 +0000 2017,0.0,0.802,0.198,RT @CNN: Could Bernie Sanders have won a primary that wasn't 'rigged'? | Analysis by @zbyronwolf¬†https://t.co/317ChE5rgs https://t.co/E3alx‚Ä¶,67
@CNN,0.3724,Sun Nov 05 18:50:36 +0000 2017,0.0,0.758,0.242,@damatojr @FoxNews At least it's not fake news @CNN,68
@CNN,-0.5541,Sun Nov 05 18:50:36 +0000 2017,0.204,0.796,0.0,"@CernovichNews @CNN @donnabrazile @HillaryClinton America can not trust this woman , a wolf in sheep clothing !!!",69
@CNN,-0.34,Sun Nov 05 18:50:34 +0000 2017,0.324,0.676,0.0,@CNN How about under house arrest?,70
@CNN,-0.5423,Sun Nov 05 18:50:33 +0000 2017,0.149,0.851,0.0,"@CNN @brianstelter Why keep putting her on air? She's horrible to listen to and all she responds with is ""Clinton""‚Ä¶ https://t.co/xDJrC1SfgB",71
@CNN,0.0,Sun Nov 05 18:50:31 +0000 2017,0.0,1.0,0.0,"RT @CNN: .@brianstelter to Kellyanne Conway: ""Viewers see your pivoting...when I say Russia, you say Clinton"" https://t.co/lc5IdbzAP9",72
@CNN,-0.8402,Sun Nov 05 18:50:31 +0000 2017,0.308,0.692,0.0,"RT @CNN: Sen. Dianne Feinstein urges diplomacy with North Korea: ""The worst alternative is a war which could become nuclear"" https://t.co/9‚Ä¶",73
@CNN,0.0,Sun Nov 05 18:50:30 +0000 2017,0.0,1.0,0.0,RT @realGeoffHollnd: @sakurabruh @brianstelter @JeffreyGuterman @mollylyons @lacrossemom5 @MyraDSirois1 @TheRickWilson @CNN @KellyannePolls‚Ä¶,74
@CNN,-0.25,Sun Nov 05 18:50:28 +0000 2017,0.173,0.731,0.096,RT @AKADonaldTrump: Stopped watching @CNN cause they keep putting pundits on like Kellyanne Conway. I see her trending and know she lied ab‚Ä¶,75
@CNN,0.0,Sun Nov 05 18:50:28 +0000 2017,0.0,1.0,0.0,@CNN https://t.co/Vt5u55qZCs,76
@CNN,-0.3071,Sun Nov 05 18:50:26 +0000 2017,0.117,0.883,0.0,@CNN @mcspocky @brianstelter Kellyanne will never get it. She's probably paid to spread this propaganda. Everyone k‚Ä¶ https://t.co/EsUwNGwR7H,77
@CNN,0.0,Sun Nov 05 18:50:25 +0000 2017,0.0,1.0,0.0,RT @slticus: @CNN  Quit calling him Mr. Trump...Very disrespectful. We didn't call your Elected President Mr. Obama..!,78
@CNN,0.0,Sun Nov 05 18:50:25 +0000 2017,0.0,1.0,0.0,Arch-Anti-Christ Richard Dawkins Blasphemes @DawkinsDicky @foxandfriends @realdonaldtrump @FoxNews @CNN @MSNBC https://t.co/jtzh5Cjghc,79
@CNN,-0.8402,Sun Nov 05 18:50:23 +0000 2017,0.308,0.692,0.0,"RT @CNN: Sen. Dianne Feinstein urges diplomacy with North Korea: ""The worst alternative is a war which could become nuclear"" https://t.co/9‚Ä¶",80
@CNN,-0.8776,Sun Nov 05 18:50:23 +0000 2017,0.359,0.641,0.0,@funder @brianstelter @CNN I am so disappointed that @brianstelter would give that liar so much airtime to spread her lies and BS.,81
@CNN,-0.507,Sun Nov 05 18:50:21 +0000 2017,0.201,0.799,0.0,RT @CNN: The most spectacular abandoned castles around the world https://t.co/DC14SubQJa via @cnntravel https://t.co/ExuBF2XKe8,82
@CNN,0.2617,Sun Nov 05 18:50:20 +0000 2017,0.0,0.903,0.097,"@shannonrwatts @NRA Just one more reason why I don‚Äôt watch @CNN. I respect @jaketapper greatly, but won‚Äôt watch because of their practices.",83
@CNN,-0.4019,Sun Nov 05 18:50:20 +0000 2017,0.13,0.87,0.0,@CNN @brianstelter Pivoting? How disingenuous. When the facts scream Clinton you say Trump. Spinning it for over a‚Ä¶ https://t.co/GRpL7X70Rn,84
@CNN,-0.8715,Sun Nov 05 18:50:18 +0000 2017,0.523,0.477,0.0,@CNN Aww sore losers getting some revenge time in! Just shut up!,85
@CNN,0.0,Sun Nov 05 18:50:18 +0000 2017,0.0,1.0,0.0,@TheLadyPilar @CNN So far there is literally nothing except wishful thinkIng that Mueller will squeeze someone and‚Ä¶ https://t.co/hY5ko2DRqg,86
@CNN,-0.128,Sun Nov 05 18:50:16 +0000 2017,0.293,0.526,0.18,Seriously? @CNN should stop giving @KellyannePolls any air time. https://t.co/YWQdN2OazZ,87
@CNN,-0.5255,Sun Nov 05 18:50:16 +0000 2017,0.139,0.861,0.0,RT @President1Trump: How fake is @CNN you may  ask!.It‚Äôs so #Fake 2 reporters in split screen are right next to each other https://t.co/J7m‚Ä¶,88
@CNN,0.0,Sun Nov 05 18:50:14 +0000 2017,0.0,1.0,0.0,"@PolitiKauza @CNN The same Americans that elected Barack Obama in overwhelming numbers?
Oh right, you're full of BS‚Ä¶ https://t.co/KSoPhcEyB2",89
@CNN,0.0,Sun Nov 05 18:50:13 +0000 2017,0.0,1.0,0.0,@ashcech @CNN @brianstelter ‚ö°Ô∏èüì∫‚ö°Ô∏èICYMI @KellyannePolls... #JustSayNo @gaywonk https://t.co/GR4ca4FuB8,90
@CNN,-0.7717,Sun Nov 05 18:50:12 +0000 2017,0.355,0.645,0.0,@CNN @brianstelter She's a mess. Why even bother to interview any White House spokespeople? It's a waste of time.,91
@CNN,-0.7234,Sun Nov 05 18:50:11 +0000 2017,0.288,0.712,0.0,@CernovichNews @CNN @donnabrazile @HillaryClinton The bitch didn't treat her any different than she has always trea‚Ä¶ https://t.co/q12QPTi8iw,92
@CNN,0.0,Sun Nov 05 18:50:11 +0000 2017,0.0,1.0,0.0,RT @cgsgsmom1: @axios @brianstelter @CNN why? Why do you give her airtime?,93
@CNN,-0.4215,Sun Nov 05 18:50:11 +0000 2017,0.157,0.843,0.0,"@CNN @brianstelter Kellyanne is unwilling to answer strait forward questions, waste of time having her on.",94
@CNN,0.4404,Sun Nov 05 18:50:11 +0000 2017,0.0,0.868,0.132,"RT @CNN: House Minority Leader Pelosi: ""I hope the President goes into the meeting (with Putin) really informed"" https://t.co/JNBqP07Pd0 #C‚Ä¶",95
@CNN,0.4199,Sun Nov 05 18:50:11 +0000 2017,0.0,0.883,0.117,"RT @CernovichNews: Hi @CNN, we can't wait to see you jump all over @donnabrazile's claim that @HillaryClinton treated her ""like a slave!"" h‚Ä¶",96
@CNN,-0.6249,Sun Nov 05 18:50:10 +0000 2017,0.203,0.737,0.06,"RT @TheRickWilson: Christ, @cnn. You want Kellyanne on TV? 

Do it on the Rick Wilson Scourges Evil Show.",97
@CNN,0.7475,Sun Nov 05 18:50:10 +0000 2017,0.0,0.768,0.232,RT @mike_Zollo: HA! @CNN liberal Jeffery Toobin ADMITS the indictment of Manafort has NOTHING to do w/ Trump Campaign. Let's RETWEET this t‚Ä¶,98
@CNN,0.0,Sun Nov 05 18:50:09 +0000 2017,0.0,1.0,0.0,"RT @CNN: .@brianstelter to Kellyanne Conway: ""We're not anti-Trump, Kellyanne. We're pro-truth."" https://t.co/V6VhiZMg0R",99
@CNN,0.4003,Sun Nov 05 18:50:09 +0000 2017,0.138,0.591,0.271,"@Hibbletsnbits @IvyRamsbottom @CNN @brianstelter Lol I assure you, you don't see me at all.  Later hater!",100
@FoxNews,0.0,Sun Nov 05 18:51:25 +0000 2017,0.0,1.0,0.0,@genlady9 @booksy22 @FoxNews @MariaBartiromo Photoshop? are you saying women in Islamic country's don't get stoned?‚Ä¶ https://t.co/BAD8Nel1rv,1
@FoxNews,0.0,Sun Nov 05 18:51:24 +0000 2017,0.0,1.0,0.0,@karijobe @delanawood @kimwalkersmith @JenLedger @ccc_wichita @wayfmradio @premproductions @GatewayPeople‚Ä¶ https://t.co/TUEsVCi4Z0,2
@FoxNews,0.6705,Sun Nov 05 18:51:24 +0000 2017,0.0,0.421,0.579,@FoxNews i hope the babies were alive.,3
@FoxNews,-0.431,Sun Nov 05 18:51:23 +0000 2017,0.176,0.824,0.0,"@FoxNews @POTUS Oh, so it's unpatriotic to protest injustice during the Anthem but yet he can wear a military jacke‚Ä¶ https://t.co/JrII1sbO0y",4
@FoxNews,0.3612,Sun Nov 05 18:51:23 +0000 2017,0.0,0.894,0.106,"RT @FoxNews: .@CLewandowski_: ""It sounds like [Presidents W &amp; HW Bush] wanted @HillaryClinton to be in office to keep things the status quo‚Ä¶",5
@FoxNews,-0.5255,Sun Nov 05 18:51:23 +0000 2017,0.531,0.469,0.0,@FoxNews @POTUS Sad! https://t.co/pPbzPVOU0N,6
@FoxNews,-0.3595,Sun Nov 05 18:51:23 +0000 2017,0.151,0.849,0.0,@House13Rockets @AaronKesteloot @southcarolinasd @FoxNews @PressSec @POTUS No it's not!  Donna Brazile has come out‚Ä¶ https://t.co/wyz0TcY9k7,7
@FoxNews,-0.2023,Sun Nov 05 18:51:22 +0000 2017,0.114,0.886,0.0,"RT @FoxNews: Iowa mom, 18, charged after 2-year-old twins found naked outside near highway
 https://t.co/YUmB5iMWPs",8
@FoxNews,0.296,Sun Nov 05 18:51:22 +0000 2017,0.0,0.694,0.306,@FoxNews @FoxBusiness I'm ok with that,9
@FoxNews,0.6369,Sun Nov 05 18:51:22 +0000 2017,0.0,0.658,0.342,"RT @FoxNews: Cmdr. John Wells: ""Let's start respecting the flag."" https://t.co/GokSuqX2ZV https://t.co/VyX0u4ArEc",10
@FoxNews,0.5106,Sun Nov 05 18:51:21 +0000 2017,0.0,0.788,0.212,"RT @PoliticSmith: @drzaibkhan111 @Mallieyork @FoxNews @POTUS Ok well dermatology and plastics are two COMPLETELY  different fields, each re‚Ä¶",11
@FoxNews,-0.1761,Sun Nov 05 18:51:21 +0000 2017,0.115,0.885,0.0,"RT @FoxNews: .@jasoninthehouse: ""I think the whole country was really questioning @HillaryClinton's health."" https://t.co/aAH9jAtIm2",12
@FoxNews,-0.5106,Sun Nov 05 18:51:20 +0000 2017,0.355,0.645,0.0,@FoxNews @AnnCoulter @POTUS She's such an idiot,13
@FoxNews,0.0,Sun Nov 05 18:51:20 +0000 2017,0.0,1.0,0.0,@EnigmaOfCatch22 @EternalQuest27 @Roscoe_Notrub @mgobluegirl6 @TurtlesgaloreMR @sandune913 @NBCNews @FoxNews I thin‚Ä¶ https://t.co/A3cYmDZw43,14
@FoxNews,0.0,Sun Nov 05 18:51:20 +0000 2017,0.0,1.0,0.0,"RT @FoxNews: Refugee Admittance to U.S. Down 87 Percent
https://t.co/x3h7Ec7GpG",15
@FoxNews,0.1007,Sun Nov 05 18:51:19 +0000 2017,0.072,0.84,0.088,"@FoxNews is desperately trying to not talk about #Flynn &amp; his son's #Russia issues this morning, but @NBCNews has got the scoop! @AriMelber",16
@FoxNews,0.0,Sun Nov 05 18:51:19 +0000 2017,0.0,1.0,0.0,@TheTommyTuna @FoxNews @POTUS absolute AMERICAN!,17
@FoxNews,-0.5423,Sun Nov 05 18:51:19 +0000 2017,0.429,0.571,0.0,@FoxNews How come no wedding dress? Seems odd,18
@FoxNews,0.8074,Sun Nov 05 18:51:19 +0000 2017,0.0,0.601,0.399,RT @RaymondArroyo: Loving this interview with Justice Thomas on the @IngrahamAngle @FoxNews . https://t.co/qWRMSYKz5K,19
@FoxNews,0.0,Sun Nov 05 18:51:18 +0000 2017,0.0,1.0,0.0,@FoxNews  https://t.co/eJqnvgslcn,20
@FoxNews,0.3612,Sun Nov 05 18:51:18 +0000 2017,0.0,0.894,0.106,"RT @FoxNews: .@CLewandowski_: ""It sounds like [Presidents W &amp; HW Bush] wanted @HillaryClinton to be in office to keep things the status quo‚Ä¶",21
@FoxNews,0.0,Sun Nov 05 18:51:18 +0000 2017,0.0,1.0,0.0,@FoxNews @GeorgeHWBush @POTUS Just Another sexual predator.,22
@FoxNews,-0.2023,Sun Nov 05 18:51:17 +0000 2017,0.114,0.886,0.0,"RT @FoxNews: Iowa mom, 18, charged after 2-year-old twins found naked outside near highway
 https://t.co/YUmB5iMWPs",23
@FoxNews,0.2732,Sun Nov 05 18:51:17 +0000 2017,0.0,0.488,0.512,@FoxNews Trump supporter.,24
@FoxNews,-0.2023,Sun Nov 05 18:51:16 +0000 2017,0.114,0.886,0.0,"RT @FoxNews: Iowa mom, 18, charged after 2-year-old twins found naked outside near highway
 https://t.co/YUmB5iMWPs",25
@FoxNews,-0.2023,Sun Nov 05 18:51:15 +0000 2017,0.114,0.886,0.0,"RT @FoxNews: Iowa mom, 18, charged after 2-year-old twins found naked outside near highway
 https://t.co/YUmB5iMWPs",26
@FoxNews,-0.128,Sun Nov 05 18:51:14 +0000 2017,0.097,0.903,0.0,"RT @ridinoldfat: ""Truck Strike 2017""
 starts  Dec 18th @realDonaldTrump @FoxNews @ELD_or_ME @ptagtrucking @foxandfriends @seanhannity @PRya‚Ä¶",27
@FoxNews,0.0,Sun Nov 05 18:51:14 +0000 2017,0.0,1.0,0.0,RT @SovietSergey: Waiting for @FoxNews to report on #ParadisePapers https://t.co/LMIogDva4V,28
@FoxNews,0.0,Sun Nov 05 18:51:14 +0000 2017,0.0,1.0,0.0,"@FoxNews @FoxNewsSunday 
Mass shooting Lavernia Texas at a Church!",29
@FoxNews,0.0,Sun Nov 05 18:51:13 +0000 2017,0.0,1.0,0.0,"RT @FoxNews: .@SebGorka: ""If there's anything untoward and undemocratic it's on the left in the last election."" https://t.co/GxSQTdmhnI",30
@FoxNews,0.0,Sun Nov 05 18:51:12 +0000 2017,0.0,1.0,0.0,RT @FoxNews: #VAGov Poll: @EdWGillespie now leads @RalphNortham 40.4% to 37.4%. https://t.co/zgWMcKVrSf,31
@FoxNews,0.4404,Sun Nov 05 18:51:12 +0000 2017,0.0,0.734,0.266,@FoxNews @PressSec @POTUS Lookin good üá∫üá∏üëå USA‚ù£ USA‚ù£ USA‚ù£,32
@FoxNews,0.0,Sun Nov 05 18:51:12 +0000 2017,0.0,1.0,0.0,"RT @FoxNews: Speaker Ryan says Clinton, DNC money deal 'takes the cake'
  https://t.co/b12ZG9oIrl",33
@FoxNews,0.0,Sun Nov 05 18:51:12 +0000 2017,0.0,1.0,0.0,@FoxNews @JudgeJeanine @AmbJohnBolton @POTUS  https://t.co/2bLqW8FYuo,34
@FoxNews,-0.0258,Sun Nov 05 18:51:12 +0000 2017,0.059,0.886,0.055,"@FoxNews @GeorgeHWBush @POTUS If you want to blow, you gotta do it hard and be a shining star. In the end, you can‚Ä¶ https://t.co/EIIlZLL7QJ",35
@FoxNews,0.0,Sun Nov 05 18:51:12 +0000 2017,0.0,1.0,0.0,@realDonaldTrump @FoxNews @GOP @FOXTV @foxandfriends @foxnation @FoxBusiness @foxnewspolitics @SenateGOP https://t.co/tcCtjGsSzb,36
@FoxNews,0.0,Sun Nov 05 18:51:11 +0000 2017,0.0,1.0,0.0,@CindiLe34821991 @BlueIrishAngel @seanhannity @annshortis @SkyUK @FoxNews @foxandfriends Since getting ride of dire‚Ä¶ https://t.co/8bOagRa727,37
@FoxNews,-0.2023,Sun Nov 05 18:51:11 +0000 2017,0.114,0.886,0.0,"RT @FoxNews: Iowa mom, 18, charged after 2-year-old twins found naked outside near highway
 https://t.co/YUmB5iMWPs",38
@FoxNews,0.0,Sun Nov 05 18:51:11 +0000 2017,0.0,1.0,0.0,"#teroris 
@AlJazeera @unhcr @UN @BBCWorld @AP @FoxNews @SputnikInt @CBC @hrw @ABC @guardian @ZDF @ORF @nytimes‚Ä¶ https://t.co/66wLLqSWzn",39
@FoxNews,0.3612,Sun Nov 05 18:51:10 +0000 2017,0.0,0.894,0.106,"RT @FoxNews: .@CLewandowski_: ""It sounds like [Presidents W &amp; HW Bush] wanted @HillaryClinton to be in office to keep things the status quo‚Ä¶",40
@FoxNews,0.3987,Sun Nov 05 18:51:09 +0000 2017,0.0,0.817,0.183,@FoxBusiness @FoxNews Now rip the traitors that bowed! As well as Goodell's administration!,41
@FoxNews,0.4753,Sun Nov 05 18:51:09 +0000 2017,0.0,0.66,0.34,@FoxNews For now we are 22% safer!,42
@FoxNews,0.3612,Sun Nov 05 18:51:09 +0000 2017,0.0,0.894,0.106,"RT @FoxNews: .@CLewandowski_: ""It sounds like [Presidents W &amp; HW Bush] wanted @HillaryClinton to be in office to keep things the status quo‚Ä¶",43
@FoxNews,0.0,Sun Nov 05 18:51:09 +0000 2017,0.0,1.0,0.0,"@FoxNews: .@POTUS's Asia trip. https://t.co/AZvfdaGYWo

https://t.co/7PxnsNplz2",44
@FoxNews,0.0,Sun Nov 05 18:51:09 +0000 2017,0.0,1.0,0.0,@FoxNews OOH RAH!!! https://t.co/T83nkKaWHI,45
@FoxNews,0.4404,Sun Nov 05 18:51:08 +0000 2017,0.0,0.818,0.182,RT @BlaineBrian: @debiaugust @ComedianBeaty @fopelka @SteveScalise @Scottballard5 @SundayFutures @MariaBartiromo @FoxNews Good for you  Deb‚Ä¶,46
@FoxNews,0.5859,Sun Nov 05 18:51:06 +0000 2017,0.0,0.798,0.202,RT @FoxNews: BREAKING NEWS: @ShalaneFlanagan becomes first American woman since 1977 to win NYC Marathon. https://t.co/TJU9oZVxVx,47
@FoxNews,0.0,Sun Nov 05 18:51:06 +0000 2017,0.0,1.0,0.0,@FoxNews Where's your pussy hat Ryan?,48
@FoxNews,0.8074,Sun Nov 05 18:51:06 +0000 2017,0.0,0.601,0.399,RT @RaymondArroyo: Loving this interview with Justice Thomas on the @IngrahamAngle @FoxNews . https://t.co/qWRMSYKz5K,49
@FoxNews,-0.6114,Sun Nov 05 18:51:05 +0000 2017,0.19,0.81,0.0,"@FoxNews @SheriffClarke be, their total destruction and eradication from society and our nation once and for all time!",50
@FoxNews,0.296,Sun Nov 05 18:51:05 +0000 2017,0.148,0.615,0.238,RT @FoxNews: .@POTUS team wants Supreme Court to discipline ACLU for helping 17-year-old illegal immigrant get abortion https://t.co/rmDPNY‚Ä¶,51
@FoxNews,0.0,Sun Nov 05 18:51:04 +0000 2017,0.0,1.0,0.0,@karijobe @delanawood @kimwalkersmith @JenLedger @ccc_wichita @wayfmradio @premproductions @GatewayPeople‚Ä¶ https://t.co/ZDxdRmvv6x,52
@FoxNews,0.3612,Sun Nov 05 18:51:02 +0000 2017,0.0,0.894,0.106,"RT @FoxNews: .@CLewandowski_: ""It sounds like [Presidents W &amp; HW Bush] wanted @HillaryClinton to be in office to keep things the status quo‚Ä¶",53
@FoxNews,0.6114,Sun Nov 05 18:51:02 +0000 2017,0.0,0.846,0.154,"RT @FoxNews: Happy 40th Anniversary to George W. Bush and Laura W. Bush, who got married on this date back in 1977! https://t.co/MtQ2PyRCHo",54
@FoxNews,0.0,Sun Nov 05 18:51:02 +0000 2017,0.0,1.0,0.0,@NRA @FoxNews' anchor Gillian Turner stated on camera she wants that right taken away from us. #BoycottFox #2A,55
@FoxNews,0.3612,Sun Nov 05 18:51:01 +0000 2017,0.0,0.615,0.385,@FoxNews @realDonaldTrump Thank you Obama,56
@FoxNews,-0.6808,Sun Nov 05 18:51:00 +0000 2017,0.337,0.663,0.0,RT @FoxNews: Minnesota school overturns flag ban policy after students protest. @FoxFriendsFirst https://t.co/A81wiyE7E0,57
@FoxNews,0.7803,Sun Nov 05 18:51:00 +0000 2017,0.0,0.725,0.275,"@FoxNews So what?! I wish he wouldn't drink alcohol, smoke, or be aDemocrat! NotGood! I also wish I were about 16 y‚Ä¶ https://t.co/ed7evdkEsy",58
@FoxNews,-0.75,Sun Nov 05 18:51:00 +0000 2017,0.262,0.738,0.0,@FoxNews @jessebwatters @WattersWorld Too bad! There were a lot of people between 30 and 80 that were upset twice w‚Ä¶ https://t.co/D28RaRKEm6,59
@FoxNews,0.7184,Sun Nov 05 18:50:59 +0000 2017,0.0,0.684,0.316,"@TEhrbright @FoxNews @ShepNewsTeam üá∫üá∏ Fun fact, Republican support #ClimateAction too. Bushes, Pentagon, DoD, Milit‚Ä¶ https://t.co/5VRAQ0AjLq",60
@FoxNews,-0.4767,Sun Nov 05 18:50:59 +0000 2017,0.22,0.78,0.0,@jentaub @FoxNews Wrong. (Cue the tuba sound from The Price is Right),61
@FoxNews,0.0,Sun Nov 05 18:50:59 +0000 2017,0.0,1.0,0.0,Waiting for @FoxNews to report on #ParadisePapers https://t.co/LMIogDva4V,62
@FoxNews,0.0,Sun Nov 05 18:50:58 +0000 2017,0.0,1.0,0.0,@realDonaldTrump @FoxNews @GOP @FOXTV @foxandfriends @foxnation @FoxBusiness @foxnewspolitics @SenateGOP https://t.co/YFgJejPkOS,63
@FoxNews,0.0,Sun Nov 05 18:50:58 +0000 2017,0.0,1.0,0.0,"RT @FoxNews: Speaker Ryan says Clinton, DNC money deal 'takes the cake'
  https://t.co/b12ZG9oIrl",64
@FoxNews,0.0,Sun Nov 05 18:50:57 +0000 2017,0.0,1.0,0.0,RT @Margie_8675309: @FoxNews  https://t.co/yMH7GzaPZa,65
@FoxNews,-0.6189,Sun Nov 05 18:50:56 +0000 2017,0.268,0.623,0.109,@FoxNews @RandPaul Remember when the Trump supporter killed a girl when he drove her down?!?,66
@FoxNews,-0.2023,Sun Nov 05 18:50:56 +0000 2017,0.114,0.886,0.0,"RT @FoxNews: Iowa mom, 18, charged after 2-year-old twins found naked outside near highway
 https://t.co/YUmB5iMWPs",67
@FoxNews,0.3612,Sun Nov 05 18:50:56 +0000 2017,0.0,0.894,0.106,"RT @FoxNews: .@CLewandowski_: ""It sounds like [Presidents W &amp; HW Bush] wanted @HillaryClinton to be in office to keep things the status quo‚Ä¶",68
@FoxNews,-0.8402,Sun Nov 05 18:50:55 +0000 2017,0.296,0.704,0.0,"RT @FoxNews: .@MichaelGWaltz: ""I'm devastated, and I'm devastated for my men who were baited into ambushes looking for [Bowe Bergdahl]."" ht‚Ä¶",69
@FoxNews,0.0,Sun Nov 05 18:50:55 +0000 2017,0.0,1.0,0.0,@FoxNews We need billboards again cause the MSM won't tell you.,70
@FoxNews,-0.7506,Sun Nov 05 18:50:53 +0000 2017,0.348,0.652,0.0,@ImaTrumpBuster @FoxNews Are you going to cry when Hillary is thrown in prison? #UraniumOne,71
@FoxNews,0.6114,Sun Nov 05 18:50:53 +0000 2017,0.0,0.846,0.154,"RT @FoxNews: Happy 40th Anniversary to George W. Bush and Laura W. Bush, who got married on this date back in 1977! https://t.co/MtQ2PyRCHo",72
@FoxNews,0.0,Sun Nov 05 18:50:53 +0000 2017,0.0,1.0,0.0,"RT @FoxNews: On @ffweekend, @David_Bossie responded to news that neither of the Presidents Bush voted for @POTUS. https://t.co/MJOJzdq6TE",73
@FoxNews,-0.4391,Sun Nov 05 18:50:53 +0000 2017,0.325,0.675,0.0,@FoxNews More distraction from today's real news,74
@FoxNews,-0.5411,Sun Nov 05 18:50:52 +0000 2017,0.179,0.821,0.0,@wordsaladus @mamajeanab @FoxNews Fox reported on indictment s.. I watched ! Move on.. did CNN report on DNC scandals,75
@FoxNews,0.0,Sun Nov 05 18:50:51 +0000 2017,0.0,1.0,0.0,@anegadanow @FoxNews @GovMikeHuckabee @TheDemocrats Uranium one?,76
@FoxNews,0.0,Sun Nov 05 18:50:51 +0000 2017,0.0,1.0,0.0,@TwilightGroan3 @donna_Siciliana @sachie2017 @SybilleAbed @lauraevf1968 @cbarbanel @outlazymedia @GregKWI‚Ä¶ https://t.co/RTwu3as8bP,77
@FoxNews,0.1697,Sun Nov 05 18:50:50 +0000 2017,0.085,0.804,0.111,"Still worthy of passing on
@FoxNews needs to change their format or sued off the air
END THE DUMBING DOWN OF AMERICA
https://t.co/Idy4rdB1EN",78
@FoxNews,-0.34,Sun Nov 05 18:50:50 +0000 2017,0.13,0.87,0.0,"RT @Thomas1774Paine: Hey @FoxNews where's the arrest story about your network co-owner, the Saudi Prince? 
Tick Tock.",79
@FoxNews,0.0,Sun Nov 05 18:50:49 +0000 2017,0.0,1.0,0.0,@johns_dawn @covfefeartist @FoxNews did HW grab her bottom,80
@FoxNews,0.0,Sun Nov 05 18:50:49 +0000 2017,0.0,1.0,0.0,"@FoxNews: .@GeorgeHWBush calls @POTUS a 'blowhard' in new book https://t.co/K1adaFIHeC https://t.co/Xp1JbSDe8M

https://t.co/7PxnsNGWqA",81
@FoxNews,0.0,Sun Nov 05 18:50:49 +0000 2017,0.0,1.0,0.0,@karijobe @delanawood @kimwalkersmith @JenLedger @ccc_wichita @wayfmradio @premproductions @GatewayPeople‚Ä¶ https://t.co/fYvysufDhy,82
@FoxNews,0.0,Sun Nov 05 18:50:48 +0000 2017,0.0,1.0,0.0,"RT @FoxNews: .@jasoninthehouse on Uranium One: ""You have to follow the dollars, the DOJ [and other departments] have to give Congress those‚Ä¶",83
@FoxNews,0.4926,Sun Nov 05 18:50:48 +0000 2017,0.0,0.834,0.166,@House13Rockets @kfwinter15 @southcarolinasd @FoxNews @PressSec @POTUS Thanks! My fingers weren‚Äôt working fast enough to say all that.,84
@FoxNews,0.0,Sun Nov 05 18:50:48 +0000 2017,0.0,1.0,0.0,"RT @nwsltrMe: ""Just own it"" @BrianStelter steps in it bringing up @Foxnews. @KellyannePolls quickly schools him about what @CNN once was bu‚Ä¶",85
@FoxNews,-0.2023,Sun Nov 05 18:50:47 +0000 2017,0.114,0.886,0.0,"RT @FoxNews: Iowa mom, 18, charged after 2-year-old twins found naked outside near highway
 https://t.co/YUmB5iMWPs",86
@FoxNews,-0.1531,Sun Nov 05 18:50:47 +0000 2017,0.086,0.914,0.0,"@basedArmando @FoxNews There's supposed to be clearing office in one's brain that first stops a thought, examines &amp;‚Ä¶ https://t.co/2zR5TdQvxb",87
@FoxNews,0.296,Sun Nov 05 18:50:47 +0000 2017,0.061,0.826,0.113,@YSRice @FoxNews @SebGorka I see young guys come and go at work.cant handle the union pay and benefits when the job‚Ä¶ https://t.co/V362ay8tgm,88
@FoxNews,-0.8402,Sun Nov 05 18:50:45 +0000 2017,0.296,0.704,0.0,"RT @FoxNews: .@MichaelGWaltz: ""I'm devastated, and I'm devastated for my men who were baited into ambushes looking for [Bowe Bergdahl]."" ht‚Ä¶",89
@FoxNews,0.0,Sun Nov 05 18:50:45 +0000 2017,0.0,1.0,0.0,@FoxNews @jasoninthehouse @HillaryClinton Parkinson‚Äôs?,90
@FoxNews,0.0,Sun Nov 05 18:50:45 +0000 2017,0.0,1.0,0.0,@FoxNews do some investigative journalism as research Wilbur Ross ties with Russia and Trump,91
@FoxNews,-0.34,Sun Nov 05 18:50:45 +0000 2017,0.156,0.844,0.0,"RT @FoxNews: Johnny Depp allegedly showed up drunk to movie premiere, reports say https://t.co/9nAPUpJP81",92
@FoxNews,0.0,Sun Nov 05 18:50:44 +0000 2017,0.0,1.0,0.0,"RT @FoxNews: Refugee Admittance to U.S. Down 87 Percent
https://t.co/x3h7Ec7GpG",93
@FoxNews,0.0,Sun Nov 05 18:50:44 +0000 2017,0.0,1.0,0.0,"RT @trump_lies_lies: @FoxNews @sfchronicle Murdoch-owned outlets bash Mueller, seemingly in unison https://t.co/H6WcXEOaFD",94
@FoxNews,0.0,Sun Nov 05 18:50:44 +0000 2017,0.0,1.0,0.0,@FoxNews @AnnCoulter @POTUS Not Canada. Not Sweden.  Not Norway.  Shall I go on?,95
@FoxNews,0.3612,Sun Nov 05 18:50:43 +0000 2017,0.0,0.894,0.106,"RT @FoxNews: .@CLewandowski_: ""It sounds like [Presidents W &amp; HW Bush] wanted @HillaryClinton to be in office to keep things the status quo‚Ä¶",96
@FoxNews,0.0,Sun Nov 05 18:50:43 +0000 2017,0.0,1.0,0.0,@smokeyheart @GOPPollAnalyst @realDonaldTrump @DonaldJTrumpJr @KellyannePolls @PressSec @EricTrump @LaraLeaTrump‚Ä¶ https://t.co/gJHQ14nv8W,97
@FoxNews,-0.5859,Sun Nov 05 18:50:42 +0000 2017,0.297,0.703,0.0,@FoxNews @timclemente Why does all the bullshit originate on Fox?,98
@FoxNews,0.3182,Sun Nov 05 18:50:42 +0000 2017,0.0,0.867,0.133,"@NannGee @FoxNews @AnnCoulter Please, you think America's immigration policy should be dictated by a poem on a statue?",99
@FoxNews,0.0,Sun Nov 05 18:50:41 +0000 2017,0.0,1.0,0.0,@EternalQuest27 @Roscoe_Notrub @mgobluegirl6 @TurtlesgaloreMR @dvillella @NBCNews @FoxNews HILLARY finally admitted‚Ä¶ https://t.co/PmwTeun4NI,100
@nytimes,0.0,Sun Nov 05 18:51:25 +0000 2017,0.0,1.0,0.0,@nytimes This is not OK..why has this not been addressed,1
@nytimes,0.0,Sun Nov 05 18:51:25 +0000 2017,0.0,1.0,0.0,Are Christians Supposed to Be Communists? via @NYTimes https://t.co/2cNU8uZcOZ,2
@nytimes,0.0,Sun Nov 05 18:51:25 +0000 2017,0.0,1.0,0.0,Tech Ladies in the Sunday @nytimes today üöÄ‚ú® https://t.co/8hnvGNwDJ3,3
@nytimes,0.0,Sun Nov 05 18:51:23 +0000 2017,0.0,1.0,0.0,too soon @nytimes https://t.co/K2Td8yvpzH,4
@nytimes,0.6369,Sun Nov 05 18:51:22 +0000 2017,0.0,0.84,0.16,@FrankBo28682693 @elerianm @nytimes If u don't the current data then best thing is to first collect it and then post else it becomes garbage,5
@nytimes,0.0,Sun Nov 05 18:51:21 +0000 2017,0.0,1.0,0.0,RT @nickconfessore: Our @nytimes deep dive into the murky business pursuits that landed Flynn on the cusp of indictment. https://t.co/0W24Q‚Ä¶,6
@nytimes,0.0,Sun Nov 05 18:51:21 +0000 2017,0.0,1.0,0.0,RT @nytimes: Behind Yuri Milner's investments in Facebook and Twitter were hundreds of millions of dollars from the Kremlin https://t.co/1n‚Ä¶,7
@nytimes,0.0,Sun Nov 05 18:51:20 +0000 2017,0.0,1.0,0.0,@Karoli @nytimes Trump's taxes?,8
@nytimes,0.0,Sun Nov 05 18:51:19 +0000 2017,0.0,1.0,0.0,RT @nytimes: Behind Yuri Milner's investments in Facebook and Twitter were hundreds of millions of dollars from the Kremlin https://t.co/1n‚Ä¶,9
@nytimes,0.4215,Sun Nov 05 18:51:19 +0000 2017,0.074,0.781,0.145,"RT @nytimes: With tears and maybe a few colorful words, Flanagan won the race with a time of 2 hours 26 minutes 53 seconds https://t.co/qNz‚Ä¶",10
@nytimes,0.6369,Sun Nov 05 18:51:17 +0000 2017,0.0,0.766,0.234,RT @nytimes: Commerce Secretary Wilbur Ross has profited handsomely from a shipping company with business ties to Putin‚Äôs family https://t.‚Ä¶,11
@nytimes,-0.5267,Sun Nov 05 18:51:17 +0000 2017,0.152,0.848,0.0,Clown show @nytimes titles story about Crooked Hillary and DNC ‚ÄúRepublicans may be feuding...‚Äù. You are disgusting propagandists. Shut down.,12
@nytimes,0.0,Sun Nov 05 18:51:17 +0000 2017,0.0,1.0,0.0,RT @nytimes: Behind Yuri Milner's investments in Facebook and Twitter were hundreds of millions of dollars from the Kremlin https://t.co/1n‚Ä¶,13
@nytimes,0.0,Sun Nov 05 18:51:15 +0000 2017,0.0,1.0,0.0,RT @dr_l_alexandre: L‚Äô√©cole refusant de se moderniser : elle va √™tre d√©vor√©e par la Silicon Valley selon @nytimes üôàüôàüôàüôàüôà https://t.co/CvbbSK‚Ä¶,14
@nytimes,0.0,Sun Nov 05 18:51:15 +0000 2017,0.0,1.0,0.0,RT @LadySif2017: üåä#HeroesPersistüåä UNBELIEVABLE‚ÄºÔ∏è Commerce Secretary‚Äôs Offshore Ties to Putin ‚ÄòCronies‚Äô via @NYTimes https://t.co/Tl0awpq1hP,15
@nytimes,0.6369,Sun Nov 05 18:51:14 +0000 2017,0.0,0.766,0.234,RT @nytimes: Commerce Secretary Wilbur Ross has profited handsomely from a shipping company with business ties to Putin‚Äôs family https://t.‚Ä¶,16
@nytimes,0.0,Sun Nov 05 18:51:13 +0000 2017,0.0,1.0,0.0,RT @nytimes: Behind Yuri Milner's investments in Facebook and Twitter were hundreds of millions of dollars from the Kremlin https://t.co/1n‚Ä¶,17
@nytimes,0.0,Sun Nov 05 18:51:12 +0000 2017,0.0,1.0,0.0,RT @nytimes: Behind Yuri Milner's investments in Facebook and Twitter were hundreds of millions of dollars from the Kremlin https://t.co/1n‚Ä¶,18
@nytimes,0.8402,Sun Nov 05 18:51:12 +0000 2017,0.0,0.679,0.321,RT @nytimes: What did Bernie Sanders learn about Canada's health system? Doctors like free health care as much as patients do. https://t.co‚Ä¶,19
@nytimes,0.0,Sun Nov 05 18:51:11 +0000 2017,0.0,1.0,0.0,"#teroris 
@AlJazeera @unhcr @UN @BBCWorld @AP @FoxNews @SputnikInt @CBC @hrw @ABC @guardian @ZDF @ORF @nytimes‚Ä¶ https://t.co/66wLLqSWzn",20
@nytimes,0.0,Sun Nov 05 18:51:11 +0000 2017,0.0,1.0,0.0,RT @nytimes: Where the STEM jobs are (and where they aren't) https://t.co/zVmDC1baOx https://t.co/NHRQ4yXgXv,21
@nytimes,0.6369,Sun Nov 05 18:51:10 +0000 2017,0.0,0.766,0.234,RT @nytimes: Commerce Secretary Wilbur Ross has profited handsomely from a shipping company with business ties to Putin‚Äôs family https://t.‚Ä¶,22
@nytimes,0.0,Sun Nov 05 18:51:09 +0000 2017,0.0,1.0,0.0,RT @nytimes: Behind Yuri Milner's investments in Facebook and Twitter were hundreds of millions of dollars from the Kremlin https://t.co/1n‚Ä¶,23
@nytimes,0.0,Sun Nov 05 18:51:09 +0000 2017,0.0,1.0,0.0,RT @KenDilanianNBC: Commerce Secretary‚Äôs Offshore Ties to Putin ‚ÄòCronies‚Äô via @NYTimes https://t.co/dbsnlDFHGH,24
@nytimes,0.6369,Sun Nov 05 18:51:09 +0000 2017,0.0,0.766,0.234,RT @nytimes: Commerce Secretary Wilbur Ross has profited handsomely from a shipping company with business ties to Putin‚Äôs family https://t.‚Ä¶,25
@nytimes,-0.836,Sun Nov 05 18:51:06 +0000 2017,0.305,0.695,0.0,RT @TaggartRehnn: @THCobbPHC @susanswann99 @nytimes Psychiatric asylums are going to make a killing once those #MAGA realize how bad they h‚Ä¶,26
@nytimes,0.0,Sun Nov 05 18:51:06 +0000 2017,0.0,1.0,0.0,RT @nickconfessore: Our @nytimes deep dive into the murky business pursuits that landed Flynn on the cusp of indictment. https://t.co/0W24Q‚Ä¶,27
@nytimes,0.4522,Sun Nov 05 18:51:06 +0000 2017,0.0,0.859,0.141,@sleavenworth @nytimes Plse discuss w/every credible news resource so we can clean house&amp;adhere to new US FP=not to‚Ä¶ https://t.co/1VVNHC8ok7,28
@nytimes,-0.3612,Sun Nov 05 18:51:06 +0000 2017,0.116,0.884,0.0,@nytimes I kept thinking about America's debt and the money being made here (TAXES) &amp; alot of companies aren't payi‚Ä¶ https://t.co/5NIyE1tjwk,29
@nytimes,-0.6249,Sun Nov 05 18:51:05 +0000 2017,0.163,0.837,0.0,RT @nytimes: Detroit is still trying to recover after the 2008 financial crisis and the 2013 bankruptcy gutted its housing market https://t‚Ä¶,30
@nytimes,0.128,Sun Nov 05 18:51:04 +0000 2017,0.119,0.741,0.14,"RT @nytimes: Saudi Arabia‚Äôs sweeping campaign of arrests included Prince Alwaleed bin Talal, one of the world‚Äôs richest men https://t.co/Ep‚Ä¶",31
@nytimes,0.6369,Sun Nov 05 18:51:04 +0000 2017,0.0,0.766,0.234,RT @nytimes: Commerce Secretary Wilbur Ross has profited handsomely from a shipping company with business ties to Putin‚Äôs family https://t.‚Ä¶,32
@nytimes,0.0,Sun Nov 05 18:51:03 +0000 2017,0.0,1.0,0.0,RT @nickconfessore: Our @nytimes deep dive into the murky business pursuits that landed Flynn on the cusp of indictment. https://t.co/0W24Q‚Ä¶,33
@nytimes,0.0,Sun Nov 05 18:51:03 +0000 2017,0.0,1.0,0.0,"@nytimes Once again, ""CYPRUS""",34
@nytimes,0.6369,Sun Nov 05 18:51:03 +0000 2017,0.0,0.766,0.234,RT @nytimes: Commerce Secretary Wilbur Ross has profited handsomely from a shipping company with business ties to Putin‚Äôs family https://t.‚Ä¶,35
@nytimes,-0.2023,Sun Nov 05 18:51:02 +0000 2017,0.122,0.878,0.0,@JulietMEvans @iainmartin1 @JohnRentoul @ProfTimBale @StevenErlanger @nytimes All fascists says the woman who wants‚Ä¶ https://t.co/0s2QGBJpVr,36
@nytimes,-0.3612,Sun Nov 05 18:51:01 +0000 2017,0.122,0.878,0.0,RT @nytimes: Even the columnist‚Äôs daughter criticized his description of the press secretary as a ‚Äúslightly chunky soccer mom‚Äù https://t.co‚Ä¶,37
@nytimes,0.6369,Sun Nov 05 18:51:01 +0000 2017,0.0,0.766,0.234,RT @nytimes: Commerce Secretary Wilbur Ross has profited handsomely from a shipping company with business ties to Putin‚Äôs family https://t.‚Ä¶,38
@nytimes,0.0,Sun Nov 05 18:51:00 +0000 2017,0.0,1.0,0.0,RT @MarcelaOspinaL: Fiscalizando al poder! Bravo @ICIJorg @elconfidencial @laSextaTV @nytimes @lemondefr @BBC y 90 medios m√°s #ParadisePape‚Ä¶,39
@nytimes,0.6369,Sun Nov 05 18:50:58 +0000 2017,0.0,0.766,0.234,RT @nytimes: Commerce Secretary Wilbur Ross has profited handsomely from a shipping company with business ties to Putin‚Äôs family https://t.‚Ä¶,40
@nytimes,-0.2716,Sun Nov 05 18:50:58 +0000 2017,0.189,0.811,0.0,@ricktimmerman88 @ewyner @nytimes Wyner is totally unaware of the subject,41
@nytimes,0.0772,Sun Nov 05 18:50:57 +0000 2017,0.0,0.933,0.067,@CNN @MSNBC @nytimes @KIRO7Seattle~ America~ Today's news may be the reason the Republicans want to rush their Tax‚Ä¶ https://t.co/JCRkGVZh3V,42
@nytimes,-0.5267,Sun Nov 05 18:50:57 +0000 2017,0.221,0.779,0.0,RT @steveweinstein: Criminal Trump...Commerce Secretary‚Äôs Offshore Ties to Putin ‚ÄòCronies‚Äô via @NYTimes https://t.co/WhE6bihMza,43
@nytimes,0.6369,Sun Nov 05 18:50:56 +0000 2017,0.0,0.766,0.234,RT @nytimes: Commerce Secretary Wilbur Ross has profited handsomely from a shipping company with business ties to Putin‚Äôs family https://t.‚Ä¶,44
@nytimes,0.6369,Sun Nov 05 18:50:56 +0000 2017,0.0,0.766,0.234,RT @nytimes: Commerce Secretary Wilbur Ross has profited handsomely from a shipping company with business ties to Putin‚Äôs family https://t.‚Ä¶,45
@nytimes,-0.7096,Sun Nov 05 18:50:55 +0000 2017,0.457,0.543,0.0,"A Broke, and Broken, Flood Insurance Program https://t.co/2cy6f9afls via @nytimes",46
@nytimes,0.6369,Sun Nov 05 18:50:55 +0000 2017,0.0,0.766,0.234,RT @nytimes: Commerce Secretary Wilbur Ross has profited handsomely from a shipping company with business ties to Putin‚Äôs family https://t.‚Ä¶,47
@nytimes,0.6369,Sun Nov 05 18:50:54 +0000 2017,0.0,0.766,0.234,RT @nytimes: Commerce Secretary Wilbur Ross has profited handsomely from a shipping company with business ties to Putin‚Äôs family https://t.‚Ä¶,48
@nytimes,0.2263,Sun Nov 05 18:50:54 +0000 2017,0.059,0.844,0.097,"@nytimes How did the original make it to print?  Liberal bias, that's how.  Change ""SHS"" to ""HRC"" and the piece is‚Ä¶ https://t.co/Tq1Das8CXI",49
@nytimes,0.0,Sun Nov 05 18:50:54 +0000 2017,0.0,1.0,0.0,RT @b_obermayer: Here the @nytimes story about US secretary of Trumps commerce secretary Wilbur Ross and his ties to Russia #paradisepapers‚Ä¶,50
@nytimes,0.6369,Sun Nov 05 18:50:54 +0000 2017,0.0,0.766,0.234,RT @nytimes: Commerce Secretary Wilbur Ross has profited handsomely from a shipping company with business ties to Putin‚Äôs family https://t.‚Ä¶,51
@nytimes,0.8126,Sun Nov 05 18:50:53 +0000 2017,0.0,0.637,0.363,RT @f_obermaier: Great to have @nytimes on board #ParadisePapers. Kudos to @JesseDrucker @PekingMike @mmcintire  https://t.co/E658hny8Ej,52
@nytimes,0.8126,Sun Nov 05 18:50:50 +0000 2017,0.0,0.637,0.363,RT @f_obermaier: Great to have @nytimes on board #ParadisePapers. Kudos to @JesseDrucker @PekingMike @mmcintire  https://t.co/E658hny8Ej,53
@nytimes,0.0,Sun Nov 05 18:50:49 +0000 2017,0.0,1.0,0.0,RT @nytimes: Behind Yuri Milner's investments in Facebook and Twitter were hundreds of millions of dollars from the Kremlin https://t.co/1n‚Ä¶,54
@nytimes,-0.7717,Sun Nov 05 18:50:48 +0000 2017,0.305,0.63,0.065,@nytimes Men are described in such terms as well but no outrage. His description was actually quite accurate.,55
@nytimes,0.6369,Sun Nov 05 18:50:47 +0000 2017,0.0,0.766,0.234,RT @nytimes: Commerce Secretary Wilbur Ross has profited handsomely from a shipping company with business ties to Putin‚Äôs family https://t.‚Ä¶,56
@nytimes,0.6249,Sun Nov 05 18:50:46 +0000 2017,0.149,0.512,0.34,@nytimes The enemies are usually the best business friends ( in need ). Nothing unusual.,57
@nytimes,0.0,Sun Nov 05 18:50:44 +0000 2017,0.0,1.0,0.0,RT @nytimes: Behind Yuri Milner's investments in Facebook and Twitter were hundreds of millions of dollars from the Kremlin https://t.co/1n‚Ä¶,58
@nytimes,0.0,Sun Nov 05 18:50:43 +0000 2017,0.0,1.0,0.0,RT @nytimes: Behind Yuri Milner's investments in Facebook and Twitter were hundreds of millions of dollars from the Kremlin https://t.co/1n‚Ä¶,59
@nytimes,0.6369,Sun Nov 05 18:50:43 +0000 2017,0.0,0.766,0.234,RT @nytimes: Commerce Secretary Wilbur Ross has profited handsomely from a shipping company with business ties to Putin‚Äôs family https://t.‚Ä¶,60
@nytimes,0.5707,Sun Nov 05 18:50:41 +0000 2017,0.0,0.749,0.251,"Congrats to #paradisepapers, @SZ_Investigativ, @guardian, @nytimes, @ICIJorg and many other colleagues. A must-read!",61
@nytimes,0.4215,Sun Nov 05 18:50:41 +0000 2017,0.0,0.865,0.135,"RT @petefrt: Hillary: I'm donating Weinstein money to charity. #ClintonFoundation  #SlushFund

@abc @cbs @nbc @cnn @msnbc @pbs @NYTimes @Wa‚Ä¶",62
@nytimes,0.0,Sun Nov 05 18:50:41 +0000 2017,0.0,1.0,0.0,RT @nytimes: Behind Yuri Milner's investments in Facebook and Twitter were hundreds of millions of dollars from the Kremlin https://t.co/1n‚Ä¶,63
@nytimes,0.4215,Sun Nov 05 18:50:40 +0000 2017,0.0,0.865,0.135,"RT @petefrt: Hillary: I'm donating Weinstein money to charity. #ClintonFoundation  #SlushFund

@abc @cbs @nbc @cnn @msnbc @pbs @NYTimes @Wa‚Ä¶",64
@nytimes,0.6369,Sun Nov 05 18:50:39 +0000 2017,0.0,0.766,0.234,RT @nytimes: Commerce Secretary Wilbur Ross has profited handsomely from a shipping company with business ties to Putin‚Äôs family https://t.‚Ä¶,65
@nytimes,-0.6421,Sun Nov 05 18:50:39 +0000 2017,0.2,0.8,0.0,"RT @FKAFernando: @nytimes ANOTHER @realDonaldTrump appointee who failed to disclose dealings with Russia?!?! 

@GOP/@DNC, you all see a pat‚Ä¶",66
@nytimes,0.0,Sun Nov 05 18:50:38 +0000 2017,0.0,1.0,0.0,RT @LadySif2017: üåä#HeroesPersistüåä UNBELIEVABLE‚ÄºÔ∏è Commerce Secretary‚Äôs Offshore Ties to Putin ‚ÄòCronies‚Äô via @NYTimes https://t.co/Tl0awpq1hP,67
@nytimes,0.6369,Sun Nov 05 18:50:37 +0000 2017,0.0,0.766,0.234,RT @nytimes: Commerce Secretary Wilbur Ross has profited handsomely from a shipping company with business ties to Putin‚Äôs family https://t.‚Ä¶,68
@nytimes,0.0,Sun Nov 05 18:50:36 +0000 2017,0.0,1.0,0.0,RT @nytimes: Behind Yuri Milner's investments in Facebook and Twitter were hundreds of millions of dollars from the Kremlin https://t.co/1n‚Ä¶,69
@nytimes,0.8126,Sun Nov 05 18:50:35 +0000 2017,0.0,0.637,0.363,RT @f_obermaier: Great to have @nytimes on board #ParadisePapers. Kudos to @JesseDrucker @PekingMike @mmcintire  https://t.co/E658hny8Ej,70
@nytimes,0.0,Sun Nov 05 18:50:35 +0000 2017,0.0,1.0,0.0,@BBCWorld @cnni @nytimes @FT @SZ https://t.co/wNb6PQpzCM,71
@nytimes,0.0,Sun Nov 05 18:50:35 +0000 2017,0.0,1.0,0.0,RT @b_obermayer: Here the @nytimes story about US secretary of Trumps commerce secretary Wilbur Ross and his ties to Russia #paradisepapers‚Ä¶,72
@nytimes,0.6369,Sun Nov 05 18:50:35 +0000 2017,0.0,0.766,0.234,RT @nytimes: Commerce Secretary Wilbur Ross has profited handsomely from a shipping company with business ties to Putin‚Äôs family https://t.‚Ä¶,73
@nytimes,0.4215,Sun Nov 05 18:50:35 +0000 2017,0.074,0.781,0.145,"RT @nytimes: With tears and maybe a few colorful words, Flanagan won the race with a time of 2 hours 26 minutes 53 seconds https://t.co/qNz‚Ä¶",74
@nytimes,0.0,Sun Nov 05 18:50:34 +0000 2017,0.0,1.0,0.0,RT @AndrasSzab: #ParadisePapers obtained by @SZ and processed by @ICIJorg and its media partners incl @direkt36 @nytimes @guardian: https:/‚Ä¶,75
@nytimes,0.6369,Sun Nov 05 18:50:34 +0000 2017,0.0,0.766,0.234,RT @CyrusToulabi: BREAKING: Commerce Secretary Wilbur Ross has profited handsomely from a shipping company w/ ties to Putin. @NYTimes https‚Ä¶,76
@nytimes,0.6369,Sun Nov 05 18:50:33 +0000 2017,0.0,0.766,0.234,RT @nytimes: Commerce Secretary Wilbur Ross has profited handsomely from a shipping company with business ties to Putin‚Äôs family https://t.‚Ä¶,77
@nytimes,-0.296,Sun Nov 05 18:50:31 +0000 2017,0.091,0.909,0.0,@nytimes Guessing there will be no NYT editorial - keep in line &amp; carry on. Brazile was so afraid she wld be killed‚Ä¶ https://t.co/YjST1xYiAC,78
@nytimes,0.6369,Sun Nov 05 18:50:31 +0000 2017,0.0,0.766,0.234,RT @nytimes: Commerce Secretary Wilbur Ross has profited handsomely from a shipping company with business ties to Putin‚Äôs family https://t.‚Ä¶,79
@nytimes,-0.3612,Sun Nov 05 18:50:31 +0000 2017,0.122,0.878,0.0,RT @nytimes: Even the columnist‚Äôs daughter criticized his description of the press secretary as a ‚Äúslightly chunky soccer mom‚Äù https://t.co‚Ä¶,80
@nytimes,0.0,Sun Nov 05 18:50:30 +0000 2017,0.0,1.0,0.0,RT @nytimes: Behind Yuri Milner's investments in Facebook and Twitter were hundreds of millions of dollars from the Kremlin https://t.co/1n‚Ä¶,81
@nytimes,0.0,Sun Nov 05 18:50:29 +0000 2017,0.0,1.0,0.0,RT @nytimes: Behind Yuri Milner's investments in Facebook and Twitter were hundreds of millions of dollars from the Kremlin https://t.co/1n‚Ä¶,82
@nytimes,0.0,Sun Nov 05 18:50:29 +0000 2017,0.0,1.0,0.0,#medialiteracy 101: every front page of @nytimes since 1852.  Notice change in image sizes. (H/T @joshbegley)‚Ä¶ https://t.co/BDk2bfPia1,83
@nytimes,-0.2846,Sun Nov 05 18:50:27 +0000 2017,0.28,0.482,0.237,RT @natghill: @nytimes We shouldn‚Äôt care about her waistline but about her lying and lack of honor,84
@nytimes,0.0,Sun Nov 05 18:50:26 +0000 2017,0.0,1.0,0.0,RT @nytimes: Behind Yuri Milner's investments in Facebook and Twitter were hundreds of millions of dollars from the Kremlin https://t.co/1n‚Ä¶,85
@nytimes,0.0,Sun Nov 05 18:50:26 +0000 2017,0.0,1.0,0.0,@seekdivinetruth @BerniceKing @NBCNews @CBSNews @FoxNews @ShaunKing @nytimes @NBCBLK @JoyAnnReid @ABCWorldNews‚Ä¶ https://t.co/FtIHFGKxLH,86
@nytimes,0.0,Sun Nov 05 18:50:25 +0000 2017,0.0,1.0,0.0,RT @nytimes: Behind Yuri Milner's investments in Facebook and Twitter were hundreds of millions of dollars from the Kremlin https://t.co/1n‚Ä¶,87
@nytimes,0.0,Sun Nov 05 18:50:25 +0000 2017,0.0,1.0,0.0,"Commerce Secretary‚Äôs Offshore Ties to Putin ‚ÄòCronies‚Äô, via @nytimes https://t.co/aGmgCpiIwJ",88
@nytimes,0.0,Sun Nov 05 18:50:24 +0000 2017,0.0,1.0,0.0,@RaynerTerra @ResistPres @nytimes @POTUS Say's the one who lives in a Faux News bubble where Trump is the golden un‚Ä¶ https://t.co/X08jkMgkSk,89
@nytimes,0.6369,Sun Nov 05 18:50:24 +0000 2017,0.0,0.766,0.234,RT @nytimes: Commerce Secretary Wilbur Ross has profited handsomely from a shipping company with business ties to Putin‚Äôs family https://t.‚Ä¶,90
@nytimes,-0.3612,Sun Nov 05 18:50:24 +0000 2017,0.122,0.878,0.0,RT @nytimes: Even the columnist‚Äôs daughter criticized his description of the press secretary as a ‚Äúslightly chunky soccer mom‚Äù https://t.co‚Ä¶,91
@nytimes,-0.3983,Sun Nov 05 18:50:24 +0000 2017,0.147,0.783,0.07,"RT @nytimes: In the aftermath of the transgender bathroom bill debate, North Carolina can't shake the residual damage https://t.co/gecy1f9V‚Ä¶",92
@nytimes,-0.6486,Sun Nov 05 18:50:23 +0000 2017,0.218,0.782,0.0,"RT @janetbyronander: @nytimes Columnist should've criticized her as one of scores of Trump enablers, who repeat his lies and denials, there‚Ä¶",93
@nytimes,0.6369,Sun Nov 05 18:50:23 +0000 2017,0.0,0.766,0.234,RT @nytimes: Commerce Secretary Wilbur Ross has profited handsomely from a shipping company with business ties to Putin‚Äôs family https://t.‚Ä¶,94
@nytimes,0.0,Sun Nov 05 18:50:23 +0000 2017,0.0,1.0,0.0,RT @nytimes: Behind Yuri Milner's investments in Facebook and Twitter were hundreds of millions of dollars from the Kremlin https://t.co/1n‚Ä¶,95
@nytimes,0.6369,Sun Nov 05 18:50:22 +0000 2017,0.0,0.766,0.234,RT @nytimes: Commerce Secretary Wilbur Ross has profited handsomely from a shipping company with business ties to Putin‚Äôs family https://t.‚Ä¶,96
@nytimes,0.0,Sun Nov 05 18:50:22 +0000 2017,0.0,1.0,0.0,"@jlaber2 @realpolitik36 @oiarzabal @nytimes Y solo por uno de los cuatro delitos, podria proceder la prisi√≥n preventiva.",97
@nytimes,0.5499,Sun Nov 05 18:50:20 +0000 2017,0.0,0.861,0.139,"RT @spaznak: @nytimes It‚Äôs rather tame compared to what trump himself had said about women, but yes, one shouldn‚Äôt comment on appearances i‚Ä¶",98
@nytimes,-0.296,Sun Nov 05 18:50:20 +0000 2017,0.128,0.872,0.0,RT @IAMOHIONURSE: @buddybennett7 @SylvieDParris @gmh8899 @chasegolf2069 @carolebfrank @SnStell @b4usernames @nytimes If they tell you no wo‚Ä¶,99
@nytimes,0.6369,Sun Nov 05 18:50:20 +0000 2017,0.0,0.766,0.234,RT @nytimes: Commerce Secretary Wilbur Ross has profited handsomely from a shipping company with business ties to Putin‚Äôs family https://t.‚Ä¶,100
